"Date","Price","Open","High","Low","Vol.","Change %"
"06/30/2026","22,774.25","22,735.20","22,865.70","22,617.15","","0.42%"
"06/29/2026","22,679.65","22,737.35","22,785.75","22,539.35","","-0.31%"
"06/25/2026","22,751.05","22,967.75","23,005.70","22,723.45","","-0.53%"
"06/24/2026","22,872.50","22,848.30","22,943.70","22,715.05","","0.08%"
"06/23/2026","22,853.55","23,109.75","23,138.90","22,817.40","","-0.95%"
"06/22/2026","23,073.05","23,073.55","23,111.40","23,008.50","","0.44%"
"06/19/2026","22,972.95","22,805.45","23,006.45","22,747.55","","0.35%"
"06/18/2026","22,893.20","22,842.60","22,906.50","22,788.95","","0.47%"
"06/17/2026","22,786.25","22,730.00","22,797.00","22,683.20","","0.51%"
"06/16/2026","22,671.40","22,664.65","22,687.60","22,541.75","","0.38%"
"06/15/2026","22,585.10","22,614.75","22,700.85","22,550.35","","1.47%"
"06/12/2026","22,257.90","22,015.50","22,279.90","21,931.60","","2.41%"
"06/11/2026","21,733.05","21,826.50","21,906.15","21,698.50","","-0.85%"
"06/10/2026","21,920.20","22,243.40","22,261.95","21,875.80","","-1.33%"
"06/09/2026","22,216.25","22,054.00","22,241.55","22,042.95","","1.32%"
"06/08/2026","21,926.45","21,973.60","22,168.50","21,841.25","","-1.46%"
"06/05/2026","22,251.80","22,399.45","22,461.40","22,172.60","","-0.29%"
"06/04/2026","22,315.95","22,174.60","22,416.90","22,114.15","","0.43%"
"06/03/2026","22,220.50","22,302.25","22,321.95","21,962.15","","-0.38%"
"06/02/2026","22,305.85","22,148.45","22,329.75","22,025.90","","0.18%"
"06/01/2026","22,265.20","22,662.75","22,695.10","22,234.00","","-1.36%"
"05/29/2026","22,571.40","22,991.55","23,007.10","22,512.25","","-1.37%"
"05/27/2026","22,884.90","22,827.30","22,932.90","22,814.70","","0.39%"
"05/26/2026","22,795.50","22,724.05","22,827.90","22,667.55","","0.45%"
"05/25/2026","22,694.35","22,703.35","22,725.65","22,645.75","","0.84%"
"05/22/2026","22,504.20","22,553.80","22,557.85","22,419.00","","0.11%"
"05/21/2026","22,479.15","22,619.65","22,665.50","22,434.95","","0.10%"
"05/20/2026","22,457.40","22,246.05","22,481.50","22,170.95","","0.37%"
"05/19/2026","22,374.75","22,262.95","22,497.90","22,260.45","","0.77%"
"05/18/2026","22,203.50","22,116.20","22,228.15","21,842.20","","-0.24%"
"05/15/2026","22,257.95","22,430.15","22,436.35","22,228.20","","-0.44%"
"05/14/2026","22,357.15","22,232.45","22,390.20","22,030.50","","1.18%"
"05/13/2026","22,096.50","21,973.85","22,250.85","21,899.20","","0.63%"
"05/12/2026","21,957.65","22,494.10","22,543.65","21,933.25","","-2.53%"
"05/11/2026","22,526.60","22,675.60","22,675.75","22,443.05","","-1.08%"
"05/08/2026","22,772.40","22,824.50","22,846.70","22,728.00","","-0.14%"
"05/07/2026","22,804.95","22,679.15","22,836.90","22,615.70","","1.10%"
"05/06/2026","22,556.50","22,414.35","22,579.90","22,352.40","","1.70%"
"05/05/2026","22,180.25","22,159.45","22,207.20","22,042.45","","0.11%"
"05/04/2026","22,155.50","22,164.80","22,288.00","22,019.05","","0.71%"
"04/30/2026","22,000.05","22,130.00","22,132.75","21,834.90","","-0.96%"
"04/29/2026","22,212.35","22,351.45","22,409.45","22,176.15","","-0.04%"
"04/28/2026","22,220.75","22,228.25","22,307.95","22,164.25","","0.10%"
"04/27/2026","22,198.45","21,992.40","22,242.05","21,979.05","","1.47%"
"04/24/2026","21,875.95","22,136.05","22,194.85","21,770.40","","-1.01%"
"04/23/2026","22,099.30","22,134.50","22,230.85","22,053.90","","-0.41%"
"04/22/2026","22,191.05","22,109.95","22,252.05","22,076.60","","0.22%"
"04/21/2026","22,141.60","22,076.75","22,218.50","22,062.50","","0.53%"
"04/20/2026","22,025.15","22,092.35","22,164.40","21,863.15","","-0.09%"
"04/17/2026","22,045.20","21,829.30","22,067.15","21,753.75","","1.22%"
"04/16/2026","21,780.50","21,822.35","21,886.90","21,602.80","","0.63%"
"04/15/2026","21,644.45","21,530.35","21,668.90","21,497.95","","2.20%"
"04/13/2026","21,177.60","20,886.30","21,254.95","20,729.20","","-0.58%"
"04/10/2026","21,300.30","21,091.55","21,314.65","21,072.85","","1.60%"
"04/09/2026","20,965.50","20,921.00","21,080.70","20,744.10","","0.27%"
"04/08/2026","20,909.45","20,783.35","20,942.90","20,700.05","","3.97%"
"04/07/2026","20,110.90","19,988.10","20,135.35","19,801.70","","0.10%"
"04/06/2026","20,090.60","19,829.40","20,111.75","19,586.15","","1.44%"
"04/02/2026","19,805.50","19,630.40","19,850.05","19,218.00","","-0.32%"
"04/01/2026","19,869.10","19,952.20","20,099.95","19,783.20","","2.26%"
"03/30/2026","19,430.90","19,696.95","19,753.25","19,398.05","","-2.62%"
"03/27/2026","19,952.75","20,279.35","20,285.90","19,913.60","","-2.18%"
"03/25/2026","20,397.75","20,121.85","20,520.95","20,110.75","","2.34%"
"03/24/2026","19,931.50","19,869.15","20,006.70","19,528.40","","2.50%"
"03/23/2026","19,445.75","20,007.65","20,007.65","19,384.45","","-3.86%"
"03/20/2026","20,226.90","20,257.35","20,484.70","20,196.10","","0.59%"
"03/19/2026","20,108.95","20,424.65","20,434.35","20,030.55","","-3.07%"
"03/18/2026","20,746.80","20,412.75","20,820.35","20,383.40","","1.87%"
"03/17/2026","20,366.95","20,255.55","20,415.70","20,103.40","","1.03%"
"03/16/2026","20,158.45","20,188.25","20,295.55","19,824.95","","-0.37%"
"03/13/2026","20,233.00","20,698.25","20,740.70","20,186.25","","-2.68%"
"03/12/2026","20,790.90","20,720.85","20,933.25","20,442.10","","-0.23%"
"03/11/2026","20,839.35","21,142.60","21,247.40","20,797.00","","-1.14%"
"03/10/2026","21,079.75","21,023.90","21,134.45","20,872.75","","1.59%"
"03/09/2026","20,749.45","20,790.05","20,793.75","20,423.55","","-2.04%"
"03/06/2026","21,181.80","21,286.75","21,437.80","21,164.05","","-0.68%"
"03/05/2026","21,326.00","21,142.00","21,371.40","21,041.20","","1.53%"
"03/04/2026","21,004.95","21,164.75","21,180.70","20,850.00","","-2.19%"
"03/02/2026","21,476.25","21,079.85","21,712.00","21,075.45","","-1.70%"
"02/27/2026","21,847.35","22,065.10","22,076.05","21,809.75","","-1.09%"
"02/26/2026","22,087.15","22,005.25","22,112.55","21,948.00","","0.58%"
"02/25/2026","21,959.05","21,901.80","21,985.65","21,822.35","","0.64%"
"02/24/2026","21,820.20","21,820.30","21,864.35","21,611.20","","-0.28%"
"02/23/2026","21,882.10","21,970.55","22,012.50","21,781.95","","-0.16%"
"02/20/2026","21,918.20","21,764.55","21,981.75","21,726.95","","0.48%"
"02/19/2026","21,813.40","22,197.95","22,213.25","21,747.65","","-1.56%"
"02/18/2026","22,159.95","22,075.80","22,176.50","22,013.95","","0.55%"
"02/17/2026","22,039.70","21,975.95","22,060.95","21,906.25","","0.28%"
"02/16/2026","21,977.20","21,799.00","21,994.40","21,715.15","","0.42%"
"02/13/2026","21,884.35","22,079.55","22,080.40","21,778.00","","-1.65%"
"02/12/2026","22,252.40","22,350.40","22,351.55","22,160.60","","-0.50%"
"02/11/2026","22,364.40","22,393.40","22,393.85","22,249.50","","0.02%"
"02/10/2026","22,359.75","22,375.40","22,405.85","22,277.25","","0.39%"
"02/09/2026","22,272.00","22,069.75","22,288.85","22,023.15","","1.57%"
"02/06/2026","21,926.85","21,881.15","21,950.10","21,663.30","","-0.02%"
"02/05/2026","21,931.50","21,997.45","21,997.45","21,777.60","","-0.32%"
"02/04/2026","22,002.00","21,852.05","22,023.05","21,699.45","","0.60%"
"02/03/2026","21,869.85","22,110.25","22,233.85","21,753.75","","2.92%"
"02/02/2026","21,249.35","21,040.25","21,313.45","20,768.10","","0.99%"
"02/01/2026","21,041.80","21,499.60","21,562.10","20,703.95","","-2.09%"
"01/30/2026","21,490.90","21,353.80","21,539.35","21,225.45","","0.03%"
"01/29/2026","21,483.65","21,520.95","21,536.30","21,301.65","","0.11%"
"01/28/2026","21,460.95","21,200.65","21,486.65","21,191.00","","1.62%"
"01/27/2026","21,119.10","21,076.85","21,185.80","20,807.90","","0.53%"
"01/23/2026","21,008.55","21,451.75","21,453.75","20,976.00","","-1.72%"
"01/22/2026","21,376.00","21,308.00","21,509.80","21,232.25","","1.22%"
"01/21/2026","21,118.45","21,262.95","21,367.55","20,842.45","","-1.01%"
"01/20/2026","21,334.60","21,867.55","21,869.65","21,265.00","","-2.49%"
"01/19/2026","21,878.45","21,925.65","21,986.00","21,833.00","","-0.44%"
"01/16/2026","21,975.10","21,991.55","22,133.05","21,924.30","","0.04%"
"01/14/2026","21,965.45","21,887.40","22,010.95","21,833.10","","0.21%"
"01/13/2026","21,918.70","22,030.60","22,106.80","21,741.15","","-0.14%"
"01/12/2026","21,948.85","21,986.90","22,003.60","21,632.35","","-0.17%"
"01/09/2026","21,985.90","22,162.15","22,274.25","21,912.90","","-0.88%"
"01/08/2026","22,180.55","22,604.40","22,607.20","22,150.85","","-1.88%"
"01/07/2026","22,606.50","22,518.75","22,650.05","22,480.65","","0.43%"
"01/06/2026","22,510.60","22,582.50","22,586.70","22,417.10","","-0.20%"
"01/05/2026","22,555.45","22,635.80","22,648.45","22,460.35","","-0.10%"
"01/02/2026","22,579.05","22,424.60","22,592.40","22,390.30","","0.94%"
"01/01/2026","22,369.15","22,324.15","22,379.10","22,211.05","","0.41%"
"12/31/2025","22,276.90","22,116.40","22,348.90","22,114.75","","0.97%"
"12/30/2025","22,061.90","22,090.05","22,100.40","21,990.15","","-0.18%"
"12/29/2025","22,100.95","22,214.25","22,255.40","22,063.10","","-0.40%"
"12/26/2025","22,190.75","22,241.60","22,340.35","22,172.55","","-0.25%"
"12/24/2025","22,247.35","22,376.90","22,425.85","22,230.65","","-0.47%"
"12/23/2025","22,353.50","22,362.95","22,375.95","22,256.10","","0.11%"
"12/22/2025","22,328.95","22,222.30","22,345.40","22,186.20","","0.83%"
"12/19/2025","22,146.15","21,935.40","22,172.40","21,912.05","","1.16%"
"12/18/2025","21,892.75","21,859.40","21,921.35","21,672.50","","0.21%"
"12/17/2025","21,846.25","21,962.45","22,015.60","21,793.45","","-0.55%"
"12/16/2025","21,966.15","22,115.95","22,116.65","21,915.05","","-0.77%"
"12/15/2025","22,136.80","22,124.85","22,148.35","21,988.60","","-0.07%"
"12/12/2025","22,152.10","21,964.05","22,168.60","21,947.60","","1.18%"
"12/11/2025","21,893.25","21,714.40","21,905.80","21,652.60","","0.85%"
"12/10/2025","21,707.90","21,940.50","22,015.50","21,673.20","","-0.93%"
"12/09/2025","21,911.00","21,766.60","21,934.10","21,485.90","","0.37%"
"12/08/2025","21,830.00","22,210.65","22,235.30","21,732.90","","-1.70%"
"12/05/2025","22,207.90","22,116.90","22,226.80","22,021.00","","0.39%"
"12/04/2025","22,120.75","22,144.00","22,234.00","22,094.30","","-0.04%"
"12/03/2025","22,130.15","22,338.60","22,349.65","22,084.40","","-0.89%"
"12/02/2025","22,327.85","22,376.35","22,438.20","22,276.65","","-0.20%"
"12/01/2025","22,372.30","22,474.75","22,484.80","22,314.95","","-0.10%"
"11/28/2025","22,395.40","22,446.65","22,453.60","22,356.35","","-0.11%"
"11/27/2025","22,420.10","22,479.60","22,483.70","22,334.70","","0.00%"
"11/26/2025","22,419.10","22,189.80","22,432.45","22,142.05","","1.28%"
"11/25/2025","22,136.45","22,089.50","22,157.25","22,035.05","","0.26%"
"11/24/2025","22,079.40","22,174.65","22,209.10","22,042.85","","-0.32%"
"11/21/2025","22,151.15","22,386.15","22,388.20","22,129.50","","-1.14%"
"11/20/2025","22,406.75","22,490.55","22,494.80","22,382.85","","-0.04%"
"11/19/2025","22,414.65","22,348.00","22,432.85","22,290.05","","0.32%"
"11/18/2025","22,342.65","22,494.60","22,495.40","22,322.35","","-0.62%"
"11/17/2025","22,482.40","22,409.30","22,493.15","22,378.95","","0.68%"
"11/14/2025","22,331.25","22,325.45","22,403.85","22,247.85","","0.04%"
"11/13/2025","22,322.45","22,420.40","22,470.25","22,299.90","","-0.32%"
"11/12/2025","22,394.45","22,317.65","22,418.25","22,293.75","","0.77%"
"11/11/2025","22,224.40","22,174.55","22,237.20","22,021.85","","0.44%"
"11/10/2025","22,126.60","22,068.95","22,181.30","22,043.55","","0.45%"
"11/07/2025","22,026.40","21,866.50","22,055.20","21,681.15","","0.47%"
"11/06/2025","21,923.10","22,152.90","22,166.70","21,897.40","","-0.96%"
"11/04/2025","22,135.95","22,247.05","22,255.80","22,108.65","","-0.36%"
"11/03/2025","22,216.10","22,073.10","22,251.15","22,051.85","","0.77%"
"10/31/2025","22,045.95","22,182.20","22,238.15","22,029.80","","-0.49%"
"10/30/2025","22,154.45","22,237.15","22,237.70","22,071.15","","-0.16%"
"10/29/2025","22,190.50","22,090.10","22,212.25","22,032.30","","0.58%"
"10/28/2025","22,063.00","22,103.55","22,126.40","21,982.85","","-0.01%"
"10/27/2025","22,064.65","21,960.80","22,073.40","21,930.30","","0.79%"
"10/24/2025","21,890.90","21,984.90","22,040.00","21,830.95","","-0.22%"
"10/23/2025","21,940.05","22,064.55","22,100.65","21,907.35","","-0.15%"
"10/21/2025","21,972.05","22,015.85","22,039.45","21,943.35","","0.22%"
"10/20/2025","21,924.85","21,877.10","21,969.65","21,852.50","","0.65%"
"10/17/2025","21,782.80","21,916.15","21,918.45","21,723.70","","-0.54%"
"10/16/2025","21,900.90","21,861.10","21,930.20","21,806.00","","0.48%"
"10/15/2025","21,796.50","21,649.30","21,826.50","21,631.05","","0.93%"
"10/14/2025","21,595.95","21,813.40","21,842.30","21,564.10","","-0.69%"
"10/13/2025","21,746.75","21,676.60","21,761.20","21,608.05","","0.01%"
"10/10/2025","21,743.95","21,681.90","21,790.60","21,637.10","","0.41%"
"10/09/2025","21,655.90","21,523.25","21,664.70","21,492.05","","0.83%"
"10/08/2025","21,477.85","21,639.15","21,684.75","21,453.05","","-0.73%"
"10/07/2025","21,635.90","21,589.60","21,649.85","21,543.55","","0.39%"
"10/06/2025","21,551.05","21,424.75","21,561.30","21,369.75","","0.70%"
"10/03/2025","21,400.30","21,256.65","21,413.20","21,221.75","","0.85%"
"10/01/2025","21,220.45","21,055.55","21,237.00","21,002.40","","0.86%"
"09/30/2025","21,038.70","21,083.90","21,104.30","20,913.10","","0.09%"
"09/29/2025","21,020.00","21,037.55","21,149.65","20,944.65","","0.25%"
"09/26/2025","20,967.75","21,334.15","21,353.30","20,951.45","","-1.94%"
"09/25/2025","21,381.50","21,536.05","21,620.75","21,353.60","","-0.66%"
"09/24/2025","21,523.35","21,715.70","21,732.40","21,504.05","","-0.88%"
"09/23/2025","21,713.60","21,809.40","21,828.95","21,638.55","","-0.29%"
"09/22/2025","21,777.50","21,867.90","21,943.95","21,723.45","","-0.56%"
"09/19/2025","21,900.60","21,920.55","21,955.15","21,882.40","","0.01%"
"09/18/2025","21,898.80","21,899.45","21,914.40","21,783.95","","0.31%"
"09/17/2025","21,831.05","21,858.55","21,890.00","21,778.55","","0.18%"
"09/16/2025","21,791.15","21,697.45","21,805.75","21,643.15","","0.62%"
"09/15/2025","21,657.40","21,603.10","21,676.55","21,562.30","","0.42%"
"09/12/2025","21,567.20","21,580.60","21,610.70","21,540.80","","0.28%"
"09/11/2025","21,507.75","21,532.55","21,572.10","21,476.25","","0.04%"
"09/10/2025","21,498.35","21,402.20","21,513.95","21,394.10","","0.95%"
"09/09/2025","21,295.90","21,299.20","21,320.30","21,213.70","","0.20%"
"09/08/2025","21,254.10","21,241.00","21,348.95","21,164.85","","0.38%"
"09/05/2025","21,172.65","21,224.40","21,310.80","21,066.30","","0.07%"
"09/04/2025","21,157.95","21,524.50","21,524.50","21,130.90","","-0.63%"
"09/03/2025","21,292.25","21,194.30","21,305.15","21,155.25","","0.67%"
"09/02/2025","21,149.70","21,183.70","21,247.25","21,049.35","","0.18%"
"09/01/2025","21,111.85","20,816.20","21,122.50","20,812.40","","1.74%"
"08/29/2025","20,750.30","20,860.55","20,949.45","20,726.90","","-0.55%"
"08/28/2025","20,864.75","21,119.80","21,119.80","20,848.70","","-1.21%"
"08/26/2025","21,119.30","21,366.15","21,402.50","21,074.55","","-1.46%"
"08/25/2025","21,432.30","21,515.75","21,547.15","21,419.25","","-0.03%"
"08/22/2025","21,438.20","21,492.40","21,532.00","21,418.95","","-0.18%"
"08/21/2025","21,476.20","21,633.20","21,661.90","21,467.15","","-0.42%"
"08/20/2025","21,566.10","21,482.00","21,590.65","21,429.40","","0.46%"
"08/19/2025","21,466.85","21,317.55","21,475.85","21,207.25","","0.94%"
"08/18/2025","21,267.05","21,249.35","21,378.20","21,217.25","","1.19%"
"08/14/2025","21,017.05","21,120.75","21,160.95","20,964.85","","-0.24%"
"08/13/2025","21,067.30","21,023.20","21,110.30","20,998.75","","0.63%"
"08/12/2025","20,935.20","21,013.85","21,052.60","20,917.90","","-0.23%"
"08/11/2025","20,983.80","20,840.45","21,015.35","20,768.25","","0.65%"
"08/08/2025","20,848.25","21,202.70","21,203.20","20,813.05","","-1.44%"
"08/07/2025","21,152.10","20,997.65","21,183.20","20,829.50","","0.26%"
"08/06/2025","21,096.65","21,338.05","21,340.75","21,010.75","","-0.90%"
"08/05/2025","21,288.85","21,346.40","21,387.65","21,207.10","","-0.19%"
"08/04/2025","21,329.40","21,095.60","21,345.20","21,047.15","","1.14%"
"08/01/2025","21,088.65","21,381.70","21,409.80","21,060.05","","-1.28%"
"07/31/2025","21,361.30","21,287.55","21,483.00","21,250.05","","-0.83%"
"07/30/2025","21,540.25","21,544.40","21,572.50","21,446.90","","0.18%"
"07/29/2025","21,501.00","21,284.95","21,521.60","21,257.40","","0.87%"
"07/28/2025","21,314.85","21,468.05","21,648.35","21,276.60","","-0.87%"
"07/25/2025","21,501.60","21,812.05","21,821.05","21,479.90","","-1.62%"
"07/24/2025","21,856.15","21,956.85","21,959.90","21,813.05","","-0.42%"
"07/23/2025","21,949.25","21,925.60","21,957.60","21,789.00","","0.30%"
"07/22/2025","21,884.05","22,058.60","22,062.35","21,863.50","","-0.51%"
"07/21/2025","21,997.00","21,866.25","22,020.85","21,753.10","","0.63%"
"07/18/2025","21,858.85","22,031.25","22,060.30","21,830.35","","-0.67%"
"07/17/2025","22,006.25","22,058.70","22,070.25","21,977.45","","0.05%"
"07/16/2025","21,996.30","22,010.60","22,050.65","21,957.35","","0.10%"
"07/15/2025","21,974.90","21,822.55","21,989.65","21,807.15","","0.92%"
"07/14/2025","21,773.90","21,669.70","21,788.60","21,581.75","","0.64%"
"07/11/2025","21,636.40","21,796.70","21,844.20","21,588.75","","-0.83%"
"07/10/2025","21,818.35","21,908.80","21,924.85","21,751.05","","-0.28%"
"07/09/2025","21,878.65","21,903.30","21,934.15","21,839.65","","-0.03%"
"07/08/2025","21,886.15","21,925.80","21,984.70","21,729.00","","-0.14%"
"07/07/2025","21,916.30","21,980.90","21,997.70","21,880.30","","-0.26%"
"07/04/2025","21,973.15","22,013.65","22,054.80","21,866.55","","-0.02%"
"07/03/2025","21,977.25","21,987.75","22,065.85","21,930.50","","0.17%"
"07/02/2025","21,940.15","21,973.40","21,985.80","21,826.40","","-0.05%"
"07/01/2025","21,951.05","22,038.05","22,048.25","21,859.70","","-0.17%"
"06/30/2025","21,988.65","21,941.95","22,001.40","21,865.60","","0.68%"
"06/27/2025","21,840.20","21,831.65","21,920.50","21,802.85","","0.40%"
"06/26/2025","21,753.15","21,704.30","21,761.65","21,600.80","","0.52%"
"06/25/2025","21,640.65","21,614.30","21,660.65","21,571.20","","0.55%"
"06/24/2025","21,523.05","21,589.85","21,628.50","21,475.95","","0.71%"
"06/23/2025","21,371.30","21,142.00","21,413.75","21,126.45","","0.40%"
"06/20/2025","21,285.45","21,016.50","21,318.90","20,999.35","","1.25%"
"06/19/2025","21,022.95","21,371.65","21,399.75","20,974.30","","-1.57%"
"06/18/2025","21,358.50","21,422.50","21,538.65","21,304.95","","-0.48%"
"06/17/2025","21,460.95","21,628.65","21,675.35","21,433.75","","-0.62%"
"06/16/2025","21,594.45","21,431.10","21,607.25","21,194.90","","0.75%"
"06/13/2025","21,433.05","21,091.05","21,466.75","21,091.05","","-0.36%"
"06/12/2025","21,509.65","21,868.60","21,870.00","21,476.75","","-1.54%"
"06/11/2025","21,846.05","21,968.60","22,004.80","21,748.70","","-0.32%"
"06/10/2025","21,915.90","21,999.50","22,007.20","21,867.40","","0.03%"
"06/09/2025","21,908.35","21,827.80","21,921.55","21,794.10","","1.01%"
"06/06/2025","21,688.60","21,551.10","21,712.90","21,472.25","","0.99%"
"06/05/2025","21,476.45","21,410.85","21,502.30","21,377.85","","0.66%"
"06/04/2025","21,334.60","21,217.90","21,346.45","21,098.10","","0.80%"
"06/03/2025","21,164.75","21,327.70","21,336.50","21,142.95","","-0.36%"
"06/02/2025","21,240.80","21,115.95","21,260.75","21,053.10","","0.55%"
"05/30/2025","21,125.55","21,220.25","21,268.60","21,076.70","","-0.18%"
"05/29/2025","21,163.15","21,145.35","21,187.35","21,040.95","","0.56%"
"05/28/2025","21,044.40","21,074.75","21,154.20","21,022.40","","0.05%"
"05/27/2025","21,034.45","21,020.95","21,062.70","20,917.35","","0.21%"
"05/26/2025","20,991.00","20,952.65","21,053.85","20,946.65","","0.56%"
"05/23/2025","20,874.40","20,797.75","20,901.85","20,705.55","","0.59%"
"05/22/2025","20,752.70","20,792.40","20,827.55","20,632.40","","-0.37%"
"05/21/2025","20,828.75","20,687.10","20,868.20","20,612.85","","0.79%"
"05/20/2025","20,665.25","21,111.15","21,121.15","20,634.75","","-1.56%"
"05/19/2025","20,992.80","21,030.85","21,108.75","20,878.90","","0.16%"
"05/16/2025","20,960.15","20,871.35","20,983.35","20,779.60","","0.86%"
"05/15/2025","20,781.15","20,712.05","20,796.50","20,614.45","","0.69%"
"05/14/2025","20,637.90","20,465.25","20,656.75","20,388.85","","1.27%"
"05/13/2025","20,379.30","20,366.50","20,473.10","20,285.10","","0.24%"
"05/12/2025","20,331.50","20,133.35","20,340.75","20,077.10","","3.75%"
"05/09/2025","19,596.25","19,165.40","19,632.95","19,165.10","","0.02%"
"05/08/2025","19,591.80","20,016.65","20,082.00","19,487.15","","-1.76%"
"05/07/2025","19,943.65","19,407.25","19,959.95","19,404.55","","1.51%"
"05/06/2025","19,646.20","20,093.50","20,132.40","19,614.45","","-2.01%"
"05/05/2025","20,049.15","19,825.80","20,064.00","19,802.10","","1.58%"
"05/02/2025","19,738.10","19,836.95","20,024.65","19,690.10","","-0.68%"
"04/30/2025","19,873.15","20,021.20","20,109.25","19,785.95","","-0.68%"
"04/29/2025","20,009.05","20,032.70","20,163.00","19,962.90","","0.21%"
"04/28/2025","19,966.70","19,661.80","19,978.25","19,660.90","","1.38%"
"04/25/2025","19,694.85","20,232.10","20,266.85","19,532.50","","-2.47%"
"04/24/2025","20,194.40","20,241.80","20,282.00","20,175.55","","-0.17%"
"04/23/2025","20,229.05","20,159.35","20,244.10","19,895.40","","0.98%"
"04/22/2025","20,032.30","19,935.95","20,106.30","19,816.70","","0.85%"
"04/21/2025","19,863.65","19,533.10","19,886.05","19,485.40","","2.21%"
"04/17/2025","19,433.45","19,306.15","19,459.00","19,225.80","","0.58%"
"04/16/2025","19,320.60","19,216.55","19,331.40","19,174.50","","0.74%"
"04/15/2025","19,178.50","18,936.10","19,208.60","18,838.50","","3.03%"
"04/11/2025","18,614.15","18,624.40","18,661.10","18,469.90","","1.87%"
"04/09/2025","18,272.75","18,342.35","18,342.95","18,053.10","","-0.62%"
"04/08/2025","18,387.05","18,386.05","18,502.30","18,149.15","","2.12%"
"04/07/2025","18,005.10","17,269.55","18,099.60","17,269.50","","-3.59%"
"04/04/2025","18,675.30","19,198.15","19,211.75","18,567.10","","-2.93%"
"04/03/2025","19,238.40","19,051.10","19,271.65","19,044.50","","0.20%"
"04/02/2025","19,200.75","18,974.45","19,212.70","18,804.75","","1.42%"
"04/01/2025","18,931.40","19,081.45","19,222.30","18,889.70","","-0.99%"
"03/28/2025","19,120.35","19,260.15","19,389.60","19,039.35","","-0.29%"
"03/27/2025","19,175.40","19,029.70","19,213.20","18,966.70","","0.36%"
"03/26/2025","19,106.65","19,256.00","19,377.20","19,083.65","","-0.63%"
"03/25/2025","19,228.35","19,556.25","19,568.40","19,138.50","","-0.98%"
"03/24/2025","19,418.30","19,343.50","19,501.15","19,260.00","","1.12%"
"03/21/2025","19,203.30","18,963.95","19,227.05","18,914.65","","1.34%"
"03/20/2025","18,948.45","18,959.40","19,008.90","18,778.45","","0.55%"
"03/19/2025","18,844.40","18,486.90","18,874.25","18,453.30","","2.37%"
"03/18/2025","18,408.40","18,132.65","18,428.45","18,088.25","","2.06%"
"03/17/2025","18,037.25","17,931.70","18,101.90","17,897.90","","0.76%"
"03/13/2025","17,902.00","18,082.65","18,106.05","17,871.50","","-0.62%"
"03/12/2025","18,014.25","18,167.95","18,221.95","17,820.85","","-0.51%"
"03/11/2025","18,106.90","17,866.10","18,145.20","17,800.95","","0.42%"
"03/10/2025","18,031.10","18,308.85","18,416.50","17,974.45","","-1.42%"
"03/07/2025","18,290.60","18,334.90","18,453.20","18,261.30","","-0.27%"
"03/06/2025","18,341.00","18,407.55","18,477.45","18,283.20","","0.55%"
"03/05/2025","18,240.15","17,756.75","18,250.55","17,756.75","","2.43%"
"03/04/2025","17,807.30","17,583.10","17,895.00","17,449.95","","0.16%"
"03/03/2025","17,778.55","17,768.55","17,822.95","17,379.60","","0.16%"
"02/28/2025","17,750.55","18,025.40","18,032.15","17,591.90","","-2.35%"
"02/27/2025","18,176.85","18,413.10","18,453.95","18,113.90","","-1.26%"
"02/25/2025","18,408.75","18,485.95","18,595.10","18,371.05","","-0.51%"
"02/24/2025","18,503.90","18,507.55","18,567.55","18,341.35","","-0.95%"
"02/21/2025","18,681.35","18,869.80","19,039.85","18,604.10","","-1.10%"
"02/20/2025","18,888.80","18,598.50","18,904.20","18,534.30","","1.31%"
"02/19/2025","18,644.90","18,278.50","18,669.85","18,190.55","","1.46%"
"02/18/2025","18,375.85","18,428.00","18,453.75","18,157.25","","-0.18%"
"02/17/2025","18,408.45","18,215.15","18,429.65","17,934.00","","0.34%"
"02/14/2025","18,346.80","18,856.35","18,891.35","18,164.95","","-2.39%"
"02/13/2025","18,796.80","18,795.60","19,035.95","18,729.35","","0.16%"
"02/12/2025","18,766.85","18,797.25","18,871.80","18,277.25","","-0.37%"
"02/11/2025","18,837.00","19,408.40","19,434.20","18,721.70","","-2.94%"
"02/10/2025","19,406.95","19,817.25","19,843.20","19,348.05","","-2.08%"
"02/07/2025","19,819.60","19,814.70","19,919.15","19,613.50","","0.13%"
"02/06/2025","19,793.75","20,074.70","20,086.70","19,739.30","","-1.01%"
"02/05/2025","19,995.70","19,934.05","20,098.90","19,915.30","","0.74%"
"02/04/2025","19,849.15","19,705.25","19,868.95","19,653.75","","1.38%"
"02/03/2025","19,579.20","19,632.15","19,683.65","19,431.30","","-0.98%"
"02/01/2025","19,773.40","19,931.85","20,000.55","19,518.70","","-0.39%"
"01/31/2025","19,850.95","19,557.85","19,878.20","19,514.90","","1.73%"
"01/30/2025","19,514.25","19,566.85","19,679.55","19,450.65","","0.17%"
"01/29/2025","19,481.75","19,045.55","19,499.60","19,042.45","","2.43%"
"01/28/2025","19,019.10","19,190.75","19,241.10","18,778.00","","-0.69%"
"01/27/2025","19,152.10","19,528.65","19,533.00","19,091.90","","-2.83%"
"01/24/2025","19,708.95","20,053.35","20,114.25","19,648.70","","-1.69%"
"01/23/2025","20,047.95","19,717.45","20,102.80","19,682.45","","1.78%"
"01/22/2025","19,696.90","19,974.15","19,992.35","19,431.25","","-1.25%"
"01/21/2025","19,946.30","20,384.95","20,406.85","19,926.60","","-1.99%"
"01/20/2025","20,350.90","20,310.80","20,398.45","20,083.25","","0.77%"
"01/17/2025","20,195.90","20,181.45","20,264.70","20,062.35","","0.12%"
"01/16/2025","20,172.65","20,146.45","20,277.50","20,134.10","","1.09%"
"01/15/2025","19,955.40","19,973.45","20,091.30","19,798.65","","0.36%"
"01/14/2025","19,883.35","19,536.35","19,930.60","19,535.70","","2.18%"
"01/13/2025","19,458.30","20,015.55","20,070.50","19,393.85","","-3.92%"
"01/10/2025","20,252.95","20,632.50","20,659.20","20,234.10","","-2.04%"
"01/09/2025","20,674.25","20,852.50","20,911.25","20,646.05","","-0.80%"
"01/08/2025","20,840.30","21,099.80","21,104.70","20,649.20","","-1.05%"
"01/07/2025","21,060.80","20,930.30","21,142.20","20,928.00","","0.87%"
"01/06/2025","20,879.65","21,477.45","21,481.10","20,815.15","","-2.52%"
"01/03/2025","21,419.30","21,512.00","21,579.35","21,390.75","","-0.25%"
"01/02/2025","21,473.15","21,286.75","21,491.85","21,228.90","","1.07%"
"01/01/2025","21,246.50","21,148.80","21,257.15","21,083.60","","0.50%"
"12/31/2024","21,141.20","21,015.00","21,187.05","20,864.95","","0.15%"
"12/30/2024","21,109.25","21,067.25","21,170.60","20,921.85","","0.18%"
"12/27/2024","21,071.85","21,143.05","21,179.20","21,059.25","","-0.12%"
"12/26/2024","21,096.85","21,108.05","21,150.40","20,937.05","","0.08%"
"12/24/2024","21,080.70","21,100.60","21,160.90","20,959.15","","0.02%"
"12/23/2024","21,076.15","21,144.65","21,197.00","20,933.00","","0.12%"
"12/20/2024","21,050.60","21,638.95","21,665.30","21,017.70","","-2.41%"
"12/19/2024","21,571.30","21,267.30","21,588.55","21,247.90","","-0.24%"
"12/18/2024","21,623.10","21,756.60","21,770.10","21,531.75","","-0.60%"
"12/17/2024","21,754.10","21,904.75","21,960.25","21,724.70","","-0.66%"
"12/16/2024","21,898.80","21,805.45","21,914.65","21,794.50","","0.69%"
"12/13/2024","21,748.10","21,722.65","21,762.15","21,411.70","","-0.10%"
"12/12/2024","21,770.05","21,907.50","21,917.55","21,744.15","","-0.50%"
"12/11/2024","21,879.55","21,825.55","21,898.85","21,807.80","","0.32%"
"12/10/2024","21,809.10","21,774.50","21,824.00","21,703.95","","0.28%"
"12/09/2024","21,748.50","21,661.00","21,774.85","21,646.50","","0.38%"
"12/06/2024","21,665.40","21,622.55","21,686.95","21,532.65","","0.41%"
"12/05/2024","21,577.65","21,595.80","21,602.75","21,431.00","","0.43%"
"12/04/2024","21,485.15","21,368.10","21,500.05","21,327.75","","0.91%"
"12/03/2024","21,291.35","21,228.05","21,303.75","21,193.00","","0.88%"
"12/02/2024","21,105.95","20,911.05","21,126.45","20,849.65","","0.95%"
"11/29/2024","20,906.65","20,860.05","20,941.10","20,792.70","","0.32%"
"11/28/2024","20,839.90","20,885.65","21,001.30","20,794.20","","0.01%"
"11/27/2024","20,838.20","20,794.40","20,849.85","20,650.15","","0.50%"
"11/26/2024","20,735.10","20,799.65","20,880.80","20,718.40","","0.05%"
"11/25/2024","20,725.70","20,742.90","20,833.10","20,706.20","","1.53%"
"11/22/2024","20,412.65","20,208.60","20,427.00","20,171.20","","1.15%"
"11/21/2024","20,180.90","20,247.25","20,270.40","20,014.25","","-0.38%"
"11/19/2024","20,258.10","20,143.50","20,429.20","20,142.40","","0.94%"
"11/18/2024","20,068.55","20,181.80","20,213.90","19,936.85","","-0.18%"
"11/14/2024","20,105.25","20,033.45","20,247.20","20,030.40","","0.47%"
"11/13/2024","20,010.75","20,478.70","20,506.70","19,955.75","","-2.67%"
"11/12/2024","20,560.60","20,825.25","20,935.45","20,507.40","","-0.91%"
"11/11/2024","20,749.95","20,871.00","20,923.75","20,714.45","","-0.81%"
"11/08/2024","20,919.90","21,229.85","21,235.00","20,870.15","","-1.30%"
"11/07/2024","21,194.85","21,388.15","21,434.75","21,173.45","","-0.49%"
"11/06/2024","21,298.50","20,972.90","21,324.20","20,945.90","","2.09%"
"11/05/2024","20,862.10","20,737.20","20,882.75","20,563.70","","0.46%"
"11/04/2024","20,767.40","21,042.40","21,042.40","20,663.45","","-1.21%"
"11/01/2024","21,021.10","21,014.75","21,077.60","20,993.00","","0.69%"
"10/31/2024","20,876.70","20,919.35","20,942.55","20,750.35","","-0.19%"
"10/30/2024","20,916.70","20,836.90","21,067.60","20,773.30","","0.24%"
"10/29/2024","20,867.40","20,779.95","20,888.80","20,516.85","","0.83%"
"10/28/2024","20,695.55","20,575.75","20,773.95","20,472.20","","0.64%"
"10/25/2024","20,563.70","20,983.85","20,996.65","20,365.80","","-1.76%"
"10/24/2024","20,932.75","20,987.40","21,074.75","20,884.15","","-0.25%"
"10/23/2024","20,985.25","20,846.30","21,162.35","20,655.85","","0.51%"
"10/22/2024","20,879.45","21,436.75","21,468.90","20,850.45","","-2.57%"
"10/21/2024","21,429.90","21,807.50","21,869.50","21,406.20","","-1.50%"
"10/18/2024","21,755.65","21,625.75","21,785.35","21,384.00","","0.17%"
"10/17/2024","21,718.50","22,116.05","22,123.25","21,702.20","","-1.66%"
"10/16/2024","22,085.10","22,103.40","22,151.05","21,979.30","","-0.20%"
"10/15/2024","22,128.65","22,136.15","22,146.15","22,020.00","","0.32%"
"10/14/2024","22,058.80","22,029.95","22,072.95","21,920.50","","0.36%"
"10/11/2024","21,979.15","21,917.85","21,994.30","21,851.30","","0.43%"
"10/10/2024","21,885.65","22,037.20","22,087.40","21,850.10","","-0.15%"
"10/09/2024","21,918.30","21,831.80","22,040.00","21,817.70","","1.07%"
"10/08/2024","21,685.65","21,191.00","21,726.40","21,119.45","","1.98%"
"10/07/2024","21,264.50","21,795.95","21,834.25","21,106.05","","-2.05%"
"10/04/2024","21,710.60","21,878.65","21,983.05","21,496.20","","-0.89%"
"10/03/2024","21,904.70","22,069.45","22,277.25","21,847.40","","-2.12%"
"10/01/2024","22,379.75","22,339.75","22,400.30","22,221.15","","0.30%"
"09/30/2024","22,311.95","22,302.65","22,363.10","22,175.80","","-0.22%"
"09/27/2024","22,360.85","22,410.55","22,434.55","22,323.85","","-0.03%"
"09/26/2024","22,367.85","22,412.35","22,416.30","22,192.75","","0.05%"
"09/25/2024","22,357.40","22,509.85","22,515.40","22,294.15","","-0.61%"
"09/24/2024","22,493.50","22,481.75","22,508.75","22,431.10","","0.31%"
"09/23/2024","22,423.70","22,369.15","22,442.55","22,261.25","","0.75%"
"09/20/2024","22,256.10","22,064.40","22,326.35","21,971.80","","1.32%"
"09/19/2024","21,965.15","22,190.75","22,245.85","21,621.60","","-0.52%"
"09/18/2024","22,079.90","22,261.30","22,283.45","21,971.55","","-0.70%"
"09/17/2024","22,235.35","22,311.50","22,320.60","22,174.20","","-0.13%"
"09/16/2024","22,264.70","22,306.05","22,314.85","22,188.15","","0.34%"
"09/13/2024","22,190.35","22,127.00","22,243.55","22,093.50","","0.65%"
"09/12/2024","22,047.70","21,963.50","22,061.95","21,893.50","","1.14%"
"09/11/2024","21,798.95","21,921.65","21,991.60","21,760.95","","-0.25%"
"09/10/2024","21,853.55","21,766.45","21,902.15","21,757.05","","1.07%"
"09/09/2024","21,621.40","21,665.50","21,672.70","21,415.95","","-0.25%"
"09/06/2024","21,675.80","22,003.95","22,030.85","21,639.40","","-1.37%"
"09/05/2024","21,976.90","22,002.95","22,030.85","21,943.55","","0.37%"
"09/04/2024","21,895.35","21,763.10","21,913.10","21,721.35","","-0.08%"
"09/03/2024","21,913.80","21,912.25","21,983.20","21,892.90","","0.23%"
"09/02/2024","21,862.85","22,014.15","22,015.15","21,800.45","","-0.29%"
"08/30/2024","21,925.45","21,832.60","21,956.35","21,773.15","","0.85%"
"08/29/2024","21,741.35","21,865.45","21,880.50","21,618.05","","-0.45%"
"08/28/2024","21,838.70","21,934.45","21,943.40","21,760.85","","-0.14%"
"08/27/2024","21,869.75","21,811.75","21,884.05","21,788.25","","0.51%"
"08/26/2024","21,758.45","21,746.75","21,778.50","21,678.00","","0.52%"
"08/23/2024","21,645.65","21,801.65","21,809.10","21,633.00","","-0.53%"
"08/22/2024","21,760.35","21,719.70","21,792.50","21,687.00","","0.66%"
"08/21/2024","21,617.70","21,547.10","21,634.70","21,500.40","","0.41%"
"08/20/2024","21,529.05","21,452.40","21,540.95","21,386.65","","0.83%"
"08/19/2024","21,351.40","21,413.35","21,455.60","21,302.50","","0.25%"
"08/16/2024","21,298.35","21,061.25","21,310.80","21,027.35","","1.82%"
"08/14/2024","20,917.75","21,116.80","21,135.35","20,842.20","","-0.60%"
"08/13/2024","21,044.95","21,298.90","21,318.35","21,010.55","","-0.77%"
"08/12/2024","21,208.70","21,089.75","21,247.45","20,976.10","","0.27%"
"08/09/2024","21,151.35","21,173.75","21,233.65","21,100.05","","0.76%"
"08/08/2024","20,991.00","21,114.00","21,176.20","20,964.65","","-0.35%"
"08/07/2024","21,063.70","20,969.25","21,085.25","20,786.90","","2.20%"
"08/06/2024","20,611.15","20,888.25","21,138.85","20,555.95","","-0.60%"
"08/05/2024","20,734.85","20,917.25","21,056.15","20,594.75","","-3.52%"
"08/02/2024","21,492.25","21,499.20","21,617.45","21,387.25","","-0.99%"
"08/01/2024","21,706.45","21,960.80","21,969.40","21,598.30","","-0.71%"
"07/31/2024","21,860.95","21,852.70","21,913.10","21,777.80","","0.51%"
"07/30/2024","21,749.50","21,685.35","21,803.05","21,655.65","","0.48%"
"07/29/2024","21,644.85","21,606.50","21,671.75","21,547.45","","0.94%"
"07/26/2024","21,442.40","21,168.95","21,463.05","21,165.05","","1.72%"
"07/25/2024","21,080.45","20,982.70","21,132.25","20,937.75","","-0.25%"
"07/24/2024","21,133.35","20,962.45","21,163.80","20,930.95","","0.89%"
"07/23/2024","20,947.80","21,151.65","21,165.85","20,264.90","","-0.44%"
"07/22/2024","21,040.35","20,740.80","21,074.10","20,589.95","","1.10%"
"07/19/2024","20,812.25","21,243.20","21,243.20","20,770.05","","-2.09%"
"07/18/2024","21,255.60","21,452.95","21,456.95","21,135.85","","-0.94%"
"07/16/2024","21,456.50","21,528.45","21,554.45","21,419.15","","0.04%"
"07/15/2024","21,448.85","21,395.15","21,457.55","21,223.50","","0.70%"
"07/12/2024","21,300.25","21,400.30","21,401.85","21,250.50","","-0.06%"
"07/11/2024","21,312.15","21,370.50","21,386.60","21,251.60","","0.21%"
"07/10/2024","21,266.60","21,443.70","21,453.80","20,855.40","","-0.38%"
"07/09/2024","21,347.50","21,387.75","21,439.55","21,257.30","","0.27%"
"07/08/2024","21,289.35","21,428.25","21,444.75","21,224.40","","-0.30%"
"07/05/2024","21,352.50","21,246.25","21,369.05","21,185.80","","0.65%"
"07/04/2024","21,215.30","21,162.65","21,238.95","21,093.50","","0.68%"
"07/03/2024","21,072.75","21,021.10","21,105.20","20,966.80","","0.78%"
"07/02/2024","20,909.90","21,105.70","21,117.85","20,792.65","","-0.57%"
"07/01/2024","21,029.90","20,898.35","21,045.05","20,851.20","","0.95%"
"06/28/2024","20,831.95","20,788.20","20,893.90","20,774.65","","0.53%"
"06/27/2024","20,723.15","20,729.75","20,850.80","20,574.70","","0.21%"
"06/26/2024","20,680.70","20,763.65","20,789.75","20,657.55","","-0.26%"
"06/25/2024","20,734.55","20,855.20","20,922.90","20,697.90","","-0.24%"
"06/24/2024","20,784.00","20,700.20","20,831.75","20,550.00","","0.24%"
"06/21/2024","20,735.25","20,863.10","20,890.70","20,696.75","","-0.15%"
"06/20/2024","20,766.70","20,671.50","20,780.60","20,558.20","","0.85%"
"06/19/2024","20,591.65","20,879.95","20,880.05","20,504.05","","-1.05%"
"06/18/2024","20,809.75","20,784.40","20,825.40","20,701.00","","0.54%"
"06/14/2024","20,698.25","20,547.85","20,710.20","20,490.40","","1.07%"
"06/13/2024","20,480.05","20,473.55","20,520.85","20,373.30","","0.78%"
"06/12/2024","20,321.20","20,204.35","20,338.85","20,192.35","","1.00%"
"06/11/2024","20,119.55","20,042.45","20,201.00","19,987.80","","0.82%"
"06/10/2024","19,956.65","19,992.00","20,084.90","19,871.70","","0.36%"
"06/07/2024","19,884.25","19,665.10","19,898.25","19,593.90","","1.41%"
"06/06/2024","19,607.20","19,400.80","19,714.05","19,385.95","","2.18%"
"06/05/2024","19,189.80","18,681.55","19,245.55","18,188.80","","3.86%"
"06/04/2024","18,476.25","19,921.70","19,921.70","17,744.85","","-7.11%"
"06/03/2024","19,889.85","20,033.15","20,033.15","19,716.55","","3.01%"
"05/31/2024","19,308.75","19,305.95","19,382.20","19,123.10","","0.58%"
"05/30/2024","19,196.70","19,419.55","19,434.45","19,165.65","","-1.16%"
"05/29/2024","19,421.20","19,427.40","19,495.10","19,336.55","","-0.28%"
"05/28/2024","19,474.95","19,676.15","19,709.70","19,394.00","","-0.77%"
"05/27/2024","19,625.90","19,642.00","19,717.40","19,523.60","","0.37%"
"05/24/2024","19,553.15","19,584.10","19,667.65","19,521.70","","-0.05%"
"05/23/2024","19,562.55","19,553.30","19,575.25","19,421.35","","0.48%"
"05/22/2024","19,469.35","19,498.20","19,550.70","19,320.80","","0.29%"
"05/21/2024","19,413.20","19,372.95","19,425.90","19,224.70","","0.31%"
"05/18/2024","19,352.60","19,352.60","19,352.60","19,352.60","","0.54%"
"05/17/2024","19,249.20","19,111.55","19,257.70","19,073.00","","1.05%"
"05/16/2024","19,048.80","18,931.55","19,067.15","18,908.85","","0.97%"
"05/15/2024","18,865.20","18,755.10","18,889.90","18,747.40","","0.94%"
"05/14/2024","18,690.10","18,563.80","18,705.90","18,497.30","","0.94%"
"05/13/2024","18,516.75","18,435.80","18,545.35","18,100.95","","0.51%"
"05/10/2024","18,423.30","18,303.45","18,441.70","18,081.10","","0.98%"
"05/09/2024","18,245.35","18,602.15","18,617.55","18,211.85","","-1.74%"
"05/08/2024","18,568.70","18,446.85","18,615.45","18,335.05","","0.52%"
"05/07/2024","18,471.85","18,860.85","18,866.45","18,365.20","","-1.86%"
"05/06/2024","18,821.30","19,023.65","19,025.25","18,689.80","","-0.46%"
"05/03/2024","18,907.70","19,052.45","19,064.05","18,809.70","","-0.36%"
"05/02/2024","18,975.25","18,971.85","19,002.35","18,891.80","","0.44%"
"04/30/2024","18,893.00","18,914.55","19,009.95","18,875.95","","0.24%"
"04/29/2024","18,847.00","18,836.25","18,861.20","18,754.35","","0.34%"
"04/26/2024","18,782.50","18,699.20","18,812.40","18,689.30","","0.75%"
"04/25/2024","18,643.25","18,578.15","18,660.90","18,507.30","","0.40%"
"04/24/2024","18,568.30","18,513.05","18,582.15","18,493.45","","0.82%"
"04/23/2024","18,417.95","18,342.45","18,441.95","18,308.80","","1.01%"
"04/22/2024","18,234.30","18,265.75","18,302.95","18,205.05","","0.68%"
"04/19/2024","18,111.25","18,042.80","18,178.90","17,833.55","","-0.46%"
"04/18/2024","18,195.65","18,362.80","18,445.05","18,161.25","","-0.36%"
"04/16/2024","18,260.60","18,185.20","18,373.45","18,133.00","","-0.12%"
"04/15/2024","18,283.20","18,206.05","18,392.95","18,062.40","","-1.36%"
"04/12/2024","18,534.70","18,620.80","18,722.05","18,517.00","","-0.49%"
"04/10/2024","18,625.40","18,529.60","18,647.25","18,486.75","","0.87%"
"04/09/2024","18,465.55","18,599.00","18,606.30","18,411.40","","-0.25%"
"04/08/2024","18,511.15","18,593.85","18,594.90","18,428.90","","0.21%"
"04/05/2024","18,473.25","18,398.80","18,500.80","18,369.75","","0.47%"
"04/04/2024","18,385.95","18,503.40","18,523.65","18,330.80","","0.04%"
"04/03/2024","18,378.60","18,272.85","18,400.00","18,224.70","","0.50%"
"04/02/2024","18,286.35","18,151.10","18,300.35","18,088.35","","1.12%"
"04/01/2024","18,084.70","17,902.85","18,101.75","17,882.90","","1.79%"
"03/28/2024","17,766.00","17,783.15","17,814.25","17,676.30","","0.45%"
"03/27/2024","17,685.85","17,725.25","17,778.40","17,672.15","","0.12%"
"03/26/2024","17,664.35","17,459.70","17,680.85","17,457.55","","0.92%"
"03/22/2024","17,502.80","17,386.00","17,518.05","17,343.90","","0.61%"
"03/21/2024","17,396.30","17,186.65","17,407.55","17,184.95","","2.26%"
"03/20/2024","17,011.75","17,085.05","17,125.45","16,832.70","","-0.06%"
"03/19/2024","17,022.65","17,227.45","17,231.10","16,954.95","","-1.12%"
"03/18/2024","17,215.85","17,250.20","17,306.30","17,068.00","","-0.22%"
"03/15/2024","17,254.20","17,315.90","17,399.90","17,031.95","","-0.32%"
"03/14/2024","17,308.75","16,854.90","17,341.50","16,717.95","","2.13%"
"03/13/2024","16,948.25","17,720.55","17,757.20","16,838.20","","-4.17%"
"03/12/2024","17,685.60","17,937.30","17,957.00","17,600.40","","-1.26%"
"03/11/2024","17,911.75","18,079.10","18,081.05","17,884.50","","-0.47%"
"03/07/2024","17,995.70","17,978.35","18,061.95","17,956.85","","0.25%"
"03/06/2024","17,950.00","18,094.60","18,102.30","17,700.20","","-0.64%"
"03/05/2024","18,065.20","18,121.60","18,156.00","18,023.55","","-0.25%"
"03/04/2024","18,110.05","18,138.80","18,145.80","18,027.80","","0.09%"
"03/02/2024","18,093.00","18,066.55","18,121.00","18,035.95","","0.66%"
"03/01/2024","17,974.65","17,925.05","17,985.75","17,890.75","","0.81%"
"02/29/2024","17,831.10","17,749.00","17,882.80","17,559.90","","0.46%"
"02/28/2024","17,749.00","18,117.25","18,126.15","17,708.30","","-1.80%"
"02/27/2024","18,074.30","18,114.30","18,183.55","18,014.15","","-0.10%"
"02/26/2024","18,093.00","18,168.45","18,196.20","18,012.50","","-0.31%"
"02/23/2024","18,149.05","18,165.90","18,222.40","18,104.55","","0.37%"
"02/22/2024","18,082.90","18,019.40","18,103.50","17,782.10","","0.80%"
"02/21/2024","17,939.45","18,201.75","18,216.45","17,896.70","","-1.09%"
"02/20/2024","18,137.40","18,184.95","18,229.30","18,085.00","","-0.16%"
"02/19/2024","18,166.65","18,193.75","18,234.10","18,136.65","","0.47%"
"02/16/2024","18,081.70","18,027.25","18,111.00","17,988.10","","0.78%"
"02/15/2024","17,941.80","17,887.35","17,966.40","17,868.95","","0.94%"
"02/14/2024","17,773.85","17,442.60","17,828.75","17,371.25","","0.86%"
"02/13/2024","17,622.65","17,598.15","17,645.90","17,293.60","","0.29%"
"02/12/2024","17,572.25","18,090.40","18,091.80","17,520.60","","-2.39%"
"02/09/2024","18,003.10","18,200.45","18,201.35","17,715.35","","-0.87%"
"02/08/2024","18,161.85","18,341.50","18,345.10","18,133.60","","-0.23%"
"02/07/2024","18,203.35","18,208.35","18,252.70","18,076.35","","0.67%"
"02/06/2024","18,082.00","17,955.65","18,092.95","17,853.50","","1.18%"
"02/05/2024","17,871.55","17,940.15","18,032.65","17,829.15","","-0.01%"
"02/02/2024","17,873.35","17,863.05","17,976.70","17,844.10","","0.51%"
"02/01/2024","17,782.80","17,937.10","17,937.15","17,668.00","","-0.57%"
"01/31/2024","17,884.70","17,636.90","17,893.95","17,627.60","","1.58%"
"01/30/2024","17,607.15","17,756.65","17,782.05","17,582.95","","-0.35%"
"01/29/2024","17,669.70","17,490.35","17,678.90","17,459.20","","1.47%"
"01/25/2024","17,413.75","17,546.70","17,559.25","17,334.50","","-0.47%"
"01/24/2024","17,495.55","17,240.95","17,518.35","17,033.40","","1.69%"
"01/23/2024","17,204.35","17,857.90","17,868.00","17,110.05","","-2.98%"
"01/20/2024","17,732.10","17,794.90","17,835.30","17,689.65","","0.35%"
"01/19/2024","17,670.85","17,546.90","17,687.20","17,508.50","","1.50%"
"01/18/2024","17,409.45","17,386.50","17,431.50","16,978.05","","-0.02%"
"01/17/2024","17,413.15","17,455.70","17,564.35","17,331.50","","-1.06%"
"01/16/2024","17,599.80","17,706.95","17,738.25","17,453.50","","-0.32%"
"01/15/2024","17,656.35","17,659.55","17,685.80","17,537.25","","0.53%"
"01/12/2024","17,563.85","17,583.30","17,589.55","17,511.95","","0.36%"
"01/11/2024","17,500.50","17,492.35","17,536.40","17,449.20","","0.43%"
"01/10/2024","17,425.35","17,411.85","17,433.50","17,251.65","","0.25%"
"01/09/2024","17,382.00","17,472.85","17,517.95","17,356.25","","0.18%"
"01/08/2024","17,350.55","17,550.85","17,560.25","17,334.45","","-0.85%"
"01/05/2024","17,499.65","17,525.15","17,575.65","17,376.55","","0.32%"
"01/04/2024","17,443.75","17,264.70","17,454.90","17,259.40","","1.48%"
"01/03/2024","17,189.95","17,176.85","17,232.30","17,082.60","","0.24%"
"01/02/2024","17,148.10","17,214.95","17,238.00","16,961.25","","-0.15%"
"01/01/2024","17,174.00","17,135.00","17,229.00","17,104.85","","0.57%"
"12/29/2023","17,077.05","16,972.90","17,102.40","16,907.60","","0.85%"
"12/28/2023","16,933.75","16,909.40","16,944.55","16,848.40","","0.48%"
"12/27/2023","16,852.45","16,873.50","16,932.40","16,775.90","","0.39%"
"12/26/2023","16,787.00","16,761.80","16,826.70","16,712.05","","0.56%"
"12/22/2023","16,693.00","16,661.35","16,737.60","16,575.50","","0.80%"
"12/21/2023","16,560.65","16,181.60","16,579.60","16,066.85","","1.45%"
"12/20/2023","16,323.90","16,922.40","16,982.85","16,265.20","","-3.05%"
"12/19/2023","16,836.75","16,946.50","16,957.60","16,769.85","","-0.39%"
"12/18/2023","16,902.45","16,874.50","16,938.55","16,771.30","","0.31%"
"12/15/2023","16,850.05","16,907.00","16,916.50","16,826.90","","0.22%"
"12/14/2023","16,813.75","16,749.80","16,832.25","16,724.10","","1.11%"
"12/13/2023","16,629.55","16,543.85","16,647.90","16,457.95","","0.84%"
"12/12/2023","16,490.50","16,621.45","16,631.20","16,410.20","","-0.42%"
"12/11/2023","16,560.50","16,502.20","16,571.65","16,472.05","","0.68%"
"12/08/2023","16,447.95","16,534.25","16,560.65","16,322.20","","-0.19%"
"12/07/2023","16,479.85","16,417.15","16,489.45","16,322.85","","0.55%"
"12/06/2023","16,389.05","16,431.20","16,460.00","16,308.25","","0.15%"
"12/05/2023","16,364.10","16,364.40","16,392.75","16,214.40","","0.38%"
"12/04/2023","16,302.45","16,362.00","16,370.80","16,223.20","","1.23%"
"12/01/2023","16,104.80","16,043.40","16,127.95","16,034.75","","0.89%"
"11/30/2023","15,963.25","15,873.60","15,990.05","15,796.25","","0.79%"
"11/29/2023","15,838.85","15,814.50","15,853.90","15,808.45","","0.66%"
"11/28/2023","15,734.35","15,733.90","15,745.55","15,680.75","","0.39%"
"11/24/2023","15,673.50","15,679.00","15,708.30","15,652.35","","0.20%"
"11/23/2023","15,641.60","15,677.75","15,687.20","15,633.65","","0.10%"
"11/22/2023","15,625.85","15,623.45","15,645.40","15,511.00","","0.20%"
"11/21/2023","15,595.10","15,650.70","15,663.80","15,583.25","","0.03%"
"11/20/2023","15,589.70","15,628.40","15,654.40","15,562.80","","0.02%"
"11/17/2023","15,586.10","15,520.15","15,601.75","15,492.90","","0.34%"
"11/16/2023","15,532.80","15,450.65","15,567.15","15,432.55","","0.70%"
"11/15/2023","15,424.75","15,425.80","15,434.75","15,378.05","","0.87%"
"11/13/2023","15,292.20","15,284.85","15,309.70","15,223.15","","0.61%"
"11/10/2023","15,199.15","15,136.45","15,212.90","15,058.20","","0.37%"
"11/09/2023","15,142.80","15,174.15","15,199.80","15,132.00","","0.03%"
"11/08/2023","15,138.70","15,070.45","15,149.70","15,066.00","","0.96%"
"11/07/2023","14,994.10","14,987.60","15,023.70","14,940.40","","0.27%"
"11/06/2023","14,953.75","14,917.00","14,964.70","14,887.90","","0.91%"
"11/03/2023","14,819.10","14,813.65","14,841.25","14,780.45","","0.68%"
"11/02/2023","14,718.50","14,638.90","14,729.55","14,637.50","","1.19%"
"11/01/2023","14,545.10","14,604.15","14,612.95","14,529.20","","-0.15%"
"10/31/2023","14,566.30","14,607.35","14,658.95","14,556.15","","0.23%"
"10/30/2023","14,533.40","14,547.65","14,557.80","14,403.00","","0.14%"
"10/27/2023","14,513.70","14,399.00","14,561.90","14,398.85","","1.46%"
"10/26/2023","14,305.25","14,390.30","14,400.00","14,133.30","","-1.14%"
"10/25/2023","14,470.25","14,606.75","14,653.05","14,326.50","","-0.60%"
"10/23/2023","14,557.10","14,972.95","14,999.80","14,512.20","","-2.71%"
"10/20/2023","14,963.10","15,087.15","15,111.85","14,923.95","","-0.95%"
"10/19/2023","15,106.95","15,073.60","15,122.20","14,989.65","","-0.12%"
"10/18/2023","15,125.75","15,258.70","15,274.10","15,100.95","","-0.71%"
"10/17/2023","15,234.35","15,248.35","15,270.65","15,208.50","","0.44%"
"10/16/2023","15,167.45","15,166.20","15,202.10","15,129.75","","0.17%"
"10/13/2023","15,141.35","15,112.80","15,189.70","15,088.85","","-0.11%"
"10/12/2023","15,158.10","15,182.10","15,205.15","15,142.90","","0.24%"
"10/11/2023","15,121.55","15,134.60","15,205.25","15,111.50","","0.50%"
"10/10/2023","15,046.40","14,925.35","15,061.20","14,924.70","","1.24%"
"10/09/2023","14,861.50","14,926.30","14,959.75","14,832.75","","-1.34%"
"10/06/2023","15,063.50","15,034.30","15,074.75","15,002.20","","0.59%"
"10/05/2023","14,975.70","15,053.60","15,104.85","14,965.35","","-0.06%"
"10/04/2023","14,984.95","15,148.15","15,151.05","14,888.25","","-1.29%"
"10/03/2023","15,180.45","15,156.80","15,194.90","15,089.05","","0.26%"
"09/29/2023","15,141.05","15,043.85","15,186.35","15,003.80","","1.04%"
"09/28/2023","14,985.50","15,196.50","15,205.35","14,970.55","","-1.14%"
"09/27/2023","15,158.30","15,074.50","15,168.85","15,039.55","","0.75%"
"09/26/2023","15,045.60","15,068.95","15,105.65","15,022.10","","-0.06%"
"09/25/2023","15,054.85","15,002.65","15,071.70","14,891.10","","0.53%"
"09/22/2023","14,975.50","15,013.55","15,062.45","14,892.85","","-0.10%"
"09/21/2023","14,990.90","15,100.50","15,164.70","14,961.10","","-0.86%"
"09/20/2023","15,121.10","15,122.80","15,183.05","15,057.25","","-0.31%"
"09/18/2023","15,168.65","15,251.10","15,252.40","15,159.40","","-0.36%"
"09/15/2023","15,222.70","15,279.55","15,298.25","15,194.05","","0.12%"
"09/14/2023","15,204.15","15,142.15","15,222.15","15,122.75","","0.93%"
"09/13/2023","15,063.55","15,038.20","15,114.05","14,836.15","","0.12%"
"09/12/2023","15,045.10","15,598.50","15,599.05","15,027.00","","-2.97%"
"09/11/2023","15,504.90","15,431.50","15,513.75","15,410.65","","1.07%"
"09/08/2023","15,341.05","15,250.25","15,351.15","15,200.05","","0.93%"
"09/07/2023","15,200.05","15,135.25","15,209.65","15,104.05","","0.64%"
"09/06/2023","15,104.05","15,146.30","15,146.75","15,063.40","","0.02%"
"09/05/2023","15,100.70","14,998.45","15,114.90","14,935.05","","1.11%"
"09/04/2023","14,935.05","14,880.40","14,958.90","14,810.15","","0.84%"
"09/01/2023","14,810.15","14,719.35","14,820.25","14,679.60","","0.79%"
"08/31/2023","14,693.85","14,704.50","14,728.65","14,625.55","","0.27%"
"08/30/2023","14,654.45","14,624.80","14,675.85","14,620.10","","0.65%"
"08/29/2023","14,559.30","14,542.45","14,572.45","14,524.55","","0.39%"
"08/28/2023","14,502.60","14,492.75","14,530.50","14,456.90","","0.43%"
"08/25/2023","14,440.65","14,526.10","14,556.05","14,407.95","","-0.74%"
"08/24/2023","14,547.85","14,596.90","14,633.05","14,534.50","","0.27%"
"08/23/2023","14,508.75","14,506.45","14,556.90","14,496.80","","0.38%"
"08/22/2023","14,454.10","14,353.15","14,460.50","14,343.10","","1.06%"
"08/21/2023","14,302.15","14,227.90","14,311.70","14,205.95","","0.77%"
"08/18/2023","14,193.45","14,226.95","14,253.25","14,159.20","","-0.15%"
"08/17/2023","14,215.20","14,209.80","14,258.05","14,191.55","","0.30%"
"08/16/2023","14,172.60","14,138.10","14,188.50","14,078.90","","0.13%"
"08/14/2023","14,153.95","14,181.00","14,182.50","13,985.30","","-0.26%"
"08/11/2023","14,190.30","14,292.75","14,297.10","14,172.80","","-0.27%"
"08/10/2023","14,228.50","14,255.70","14,276.80","14,175.00","","-0.01%"
"08/09/2023","14,230.05","14,212.15","14,237.30","14,143.95","","0.31%"
"08/08/2023","14,186.20","14,198.50","14,210.40","14,080.95","","0.26%"
"08/07/2023","14,149.95","14,120.25","14,159.65","14,081.35","","0.50%"
"08/04/2023","14,079.30","14,046.45","14,109.55","14,021.60","","0.72%"
"08/03/2023","13,979.05","13,968.65","14,022.90","13,911.40","","0.03%"
"08/02/2023","13,975.20","14,144.35","14,147.55","13,857.85","","-1.24%"
"08/01/2023","14,151.00","14,190.05","14,200.00","14,129.00","","0.08%"
"07/31/2023","14,140.00","14,000.65","14,153.85","13,993.45","","1.17%"
"07/28/2023","13,976.00","13,927.35","13,985.05","13,898.85","","0.55%"
"07/27/2023","13,898.90","13,934.10","13,957.35","13,859.55","","0.18%"
"07/26/2023","13,873.30","13,875.65","13,898.65","13,852.25","","0.32%"
"07/25/2023","13,829.15","13,828.50","13,846.15","13,755.90","","0.49%"
"07/24/2023","13,762.20","13,805.85","13,830.70","13,746.50","","-0.08%"
"07/21/2023","13,772.85","13,763.55","13,797.10","13,742.75","","-0.19%"
"07/20/2023","13,799.55","13,800.60","13,812.25","13,777.15","","0.22%"
"07/19/2023","13,769.80","13,726.30","13,775.90","13,701.85","","0.60%"
"07/18/2023","13,688.20","13,745.45","13,754.90","13,627.70","","-0.15%"
"07/17/2023","13,709.10","13,701.85","13,751.40","13,686.50","","0.38%"
"07/14/2023","13,657.45","13,581.85","13,664.85","13,557.85","","1.00%"
"07/13/2023","13,522.40","13,649.25","13,669.05","13,486.85","","-0.57%"
"07/12/2023","13,600.00","13,574.25","13,615.00","13,549.75","","0.49%"
"07/11/2023","13,534.35","13,477.40","13,563.15","13,467.95","","0.75%"
"07/10/2023","13,433.50","13,530.30","13,534.10","13,410.45","","-0.42%"
"07/07/2023","13,490.70","13,588.20","13,609.90","13,455.80","","-0.75%"
"07/06/2023","13,593.10","13,504.65","13,597.00","13,491.20","","0.83%"
"07/05/2023","13,481.65","13,432.60","13,493.00","13,412.80","","0.57%"
"07/04/2023","13,405.20","13,476.05","13,478.30","13,387.00","","-0.17%"
"07/03/2023","13,427.60","13,472.75","13,484.75","13,412.25","","0.20%"
"06/30/2023","13,401.45","13,360.05","13,411.95","13,352.65","","0.64%"
"06/28/2023","13,316.45","13,309.75","13,336.50","13,273.80","","0.50%"
"06/27/2023","13,250.60","13,233.90","13,283.90","13,219.55","","0.48%"
"06/26/2023","13,187.55","13,082.20","13,202.60","13,033.05","","0.84%"
"06/23/2023","13,077.50","13,240.60","13,242.40","13,063.50","","-1.24%"
"06/22/2023","13,241.80","13,383.35","13,388.70","13,202.30","","-0.83%"
"06/21/2023","13,353.30","13,339.60","13,402.25","13,319.45","","0.73%"
"06/20/2023","13,255.90","13,200.95","13,264.95","13,155.85","","0.46%"
"06/19/2023","13,195.05","13,246.50","13,280.40","13,182.30","","0.02%"
"06/16/2023","13,192.90","13,146.75","13,212.35","13,138.30","","0.70%"
"06/15/2023","13,100.90","13,103.05","13,143.45","13,065.95","","0.17%"
"06/14/2023","13,078.75","13,084.65","13,092.60","13,043.20","","0.28%"
"06/13/2023","13,042.20","12,925.55","13,051.20","12,923.05","","1.18%"
"06/12/2023","12,890.60","12,855.10","12,897.70","12,798.85","","0.59%"
"06/09/2023","12,814.80","12,866.65","12,889.15","12,799.90","","-0.13%"
"06/08/2023","12,831.40","12,939.30","12,949.60","12,815.30","","-0.54%"
"06/07/2023","12,900.80","12,805.30","12,909.85","12,799.65","","1.12%"
"06/06/2023","12,757.40","12,758.00","12,767.45","12,689.25","","0.11%"
"06/05/2023","12,743.35","12,762.05","12,781.80","12,733.60","","0.30%"
"06/02/2023","12,705.40","12,691.50","12,721.90","12,685.20","","0.45%"
"06/01/2023","12,647.95","12,635.30","12,702.85","12,631.15","","0.19%"
"05/31/2023","12,623.35","12,574.65","12,635.45","12,548.95","","0.37%"
"05/30/2023","12,576.60","12,549.05","12,589.55","12,529.80","","0.37%"
"05/29/2023","12,530.70","12,540.60","12,550.35","12,485.05","","0.35%"
"05/26/2023","12,486.85","12,407.35","12,495.60","12,397.25","","0.76%"
"05/25/2023","12,392.15","12,357.95","12,403.20","12,342.95","","0.31%"
"05/24/2023","12,353.90","12,340.25","12,389.35","12,300.05","","0.15%"
"05/23/2023","12,335.65","12,306.50","12,349.95","12,291.20","","0.58%"
"05/22/2023","12,264.65","12,190.55","12,272.00","12,157.00","","0.54%"
"05/19/2023","12,198.45","12,227.70","12,227.70","12,090.55","","-0.13%"
"05/18/2023","12,213.80","12,332.15","12,343.85","12,197.25","","-0.57%"
"05/17/2023","12,284.35","12,303.95","12,323.85","12,209.95","","-0.07%"
"05/16/2023","12,293.05","12,307.75","12,374.60","12,285.60","","0.23%"
"05/15/2023","12,264.65","12,205.50","12,288.20","12,174.30","","0.56%"
"05/12/2023","12,196.10","12,251.00","12,251.00","12,173.55","","-0.30%"
"05/11/2023","12,232.85","12,240.35","12,263.85","12,212.60","","0.31%"
"05/10/2023","12,195.20","12,215.55","12,217.70","12,115.10","","0.08%"
"05/09/2023","12,184.95","12,213.05","12,271.55","12,166.70","","0.06%"
"05/08/2023","12,177.70","12,108.00","12,187.05","12,100.00","","0.93%"
"05/05/2023","12,066.05","12,152.45","12,174.35","12,052.80","","-0.65%"
"05/04/2023","12,145.50","12,089.45","12,155.90","12,083.75","","0.65%"
"05/03/2023","12,066.75","12,025.95","12,098.60","12,003.10","","0.25%"
"05/02/2023","12,037.15","11,997.30","12,063.00","11,990.55","","0.78%"
"04/28/2023","11,943.55","11,841.55","11,950.80","11,828.25","","1.12%"
"04/27/2023","11,811.50","11,753.55","11,820.30","11,747.90","","0.58%"
"04/26/2023","11,743.10","11,720.80","11,750.75","11,676.20","","0.11%"
"04/25/2023","11,730.60","11,748.30","11,764.25","11,716.20","","-0.07%"
"04/24/2023","11,738.60","11,723.70","11,746.80","11,681.40","","0.27%"
"04/21/2023","11,707.55","11,776.55","11,777.40","11,663.50","","-0.41%"
"04/20/2023","11,755.95","11,784.55","11,799.45","11,747.55","","-0.07%"
"04/19/2023","11,763.95","11,805.25","11,820.90","11,752.55","","-0.16%"
"04/18/2023","11,783.35","11,739.45","11,804.30","11,721.30","","0.59%"
"04/17/2023","11,714.45","11,649.80","11,720.85","11,603.80","","0.37%"
"04/13/2023","11,671.20","11,676.95","11,703.45","11,630.10","","0.16%"
"04/12/2023","11,652.30","11,607.25","11,658.85","11,595.70","","0.60%"
"04/11/2023","11,582.80","11,562.55","11,608.05","11,540.40","","0.43%"
"04/10/2023","11,532.85","11,529.75","11,541.95","11,479.00","","0.36%"
"04/06/2023","11,491.20","11,416.45","11,505.70","11,378.70","","0.66%"
"04/05/2023","11,415.75","11,412.40","11,421.50","11,376.10","","0.10%"
"04/03/2023","11,404.35","11,410.50","11,413.95","11,361.00","","0.46%"
"03/31/2023","11,352.25","11,298.20","11,386.30","11,296.45","","0.90%"
"03/29/2023","11,250.70","11,054.85","11,273.90","11,054.85","","1.67%"
"03/28/2023","11,065.65","11,119.35","11,131.85","11,016.50","","-0.33%"
"03/27/2023","11,102.10","11,172.70","11,180.65","11,088.85","","-0.56%"
"03/24/2023","11,164.65","11,293.50","11,305.05","11,144.20","","-1.16%"
"03/23/2023","11,295.80","11,324.45","11,350.70","11,286.05","","-0.38%"
"03/22/2023","11,339.20","11,350.05","11,380.15","11,328.75","","0.28%"
"03/21/2023","11,308.10","11,288.60","11,320.50","11,258.90","","0.56%"
"03/20/2023","11,245.60","11,349.30","11,370.50","11,165.85","","-0.96%"
"03/17/2023","11,354.25","11,378.00","11,406.25","11,304.25","","0.43%"
"03/16/2023","11,305.20","11,291.20","11,339.10","11,161.95","","-0.03%"
"03/15/2023","11,308.80","11,383.05","11,409.10","11,291.80","","0.04%"
"03/14/2023","11,304.70","11,387.20","11,395.90","11,259.95","","-0.62%"
"03/13/2023","11,375.20","11,556.50","11,595.80","11,339.55","","-1.79%"
"03/10/2023","11,582.15","11,594.10","11,594.20","11,493.70","","-0.67%"
"03/09/2023","11,660.00","11,753.60","11,769.80","11,643.95","","-0.55%"
"03/08/2023","11,724.60","11,650.00","11,738.30","11,624.45","","0.32%"
"03/06/2023","11,686.90","11,653.25","11,751.80","11,649.30","","0.70%"
"03/03/2023","11,605.20","11,600.95","11,638.05","11,582.75","","0.50%"
"03/02/2023","11,547.05","11,580.95","11,587.80","11,536.05","","-0.22%"
"03/01/2023","11,572.20","11,428.00","11,582.70","11,426.90","","1.41%"
"02/28/2023","11,411.25","11,365.15","11,427.05","11,336.05","","0.63%"
"02/27/2023","11,339.85","11,395.35","11,397.00","11,245.30","","-0.56%"
"02/24/2023","11,403.35","11,464.05","11,502.95","11,394.10","","-0.24%"
"02/23/2023","11,431.25","11,466.00","11,477.30","11,346.65","","-0.24%"
"02/22/2023","11,459.20","11,538.70","11,559.20","11,421.20","","-1.00%"
"02/21/2023","11,575.10","11,629.55","11,654.65","11,560.20","","-0.27%"
"02/20/2023","11,606.15","11,635.20","11,653.70","11,547.00","","0.00%"
"02/17/2023","11,605.65","11,654.00","11,678.50","11,587.25","","-0.63%"
"02/16/2023","11,679.20","11,637.65","11,711.80","11,617.65","","0.77%"
"02/15/2023","11,590.35","11,520.50","11,600.70","11,515.40","","0.48%"
"02/14/2023","11,535.00","11,590.95","11,609.00","11,494.60","","-0.43%"
"02/13/2023","11,584.95","11,726.00","11,736.75","11,567.75","","-1.31%"
"02/10/2023","11,738.30","11,688.45","11,761.90","11,663.45","","0.25%"
"02/09/2023","11,709.45","11,721.55","11,730.15","11,670.55","","0.09%"
"02/08/2023","11,699.35","11,626.50","11,711.90","11,586.55","","0.84%"
"02/07/2023","11,601.60","11,621.10","11,635.40","11,545.85","","-0.01%"
"02/06/2023","11,602.95","11,505.75","11,616.90","11,493.35","","0.85%"
"02/03/2023","11,504.70","11,548.35","11,568.35","11,348.60","","-0.12%"
"02/02/2023","11,518.05","11,458.10","11,579.50","11,420.55","","0.18%"
"02/01/2023","11,497.65","11,685.55","11,767.70","11,318.70","","-0.85%"
"01/31/2023","11,596.65","11,455.80","11,618.95","11,388.65","","1.53%"
"01/30/2023","11,422.30","11,427.00","11,528.45","11,343.20","","-0.15%"
"01/27/2023","11,439.60","11,604.10","11,619.65","11,314.15","","-1.24%"
"01/25/2023","11,583.20","11,717.25","11,718.15","11,550.15","","-1.25%"
"01/24/2023","11,729.90","11,790.05","11,807.25","11,714.05","","-0.35%"
"01/23/2023","11,771.05","11,767.35","11,780.70","11,720.15","","0.19%"
"01/20/2023","11,748.95","11,836.40","11,847.00","11,737.80","","-0.70%"
"01/19/2023","11,832.35","11,816.35","11,848.95","11,787.40","","-0.10%"
"01/18/2023","11,843.70","11,818.75","11,851.95","11,784.80","","0.42%"
"01/17/2023","11,793.60","11,820.90","11,826.05","11,721.20","","-0.06%"
"01/16/2023","11,800.30","11,858.35","11,895.00","11,788.30","","-0.25%"
"01/13/2023","11,830.40","11,862.40","11,862.70","11,765.90","","-0.05%"
"01/12/2023","11,836.40","11,900.05","11,900.15","11,792.50","","-0.22%"
"01/11/2023","11,862.85","11,925.85","11,940.05","11,847.05","","-0.31%"
"01/10/2023","11,899.55","11,966.50","11,966.50","11,836.10","","-0.41%"
"01/09/2023","11,948.90","11,934.50","11,964.40","11,882.05","","0.83%"
"01/06/2023","11,850.60","11,949.75","11,959.30","11,807.80","","-0.69%"
"01/05/2023","11,932.85","11,925.50","11,941.45","11,849.10","","0.39%"
"01/04/2023","11,886.95","12,013.45","12,030.00","11,848.45","","-0.90%"
"01/03/2023","11,994.40","11,995.90","12,025.50","11,958.65","","0.20%"
"01/02/2023","11,970.30","11,923.30","11,979.00","11,877.75","","0.71%"
"12/30/2022","11,885.75","11,901.80","11,945.90","11,862.70","","0.48%"
"12/29/2022","11,829.25","11,773.85","11,853.70","11,695.25","","0.14%"
"12/28/2022","11,812.20","11,775.40","11,837.95","11,711.70","","0.32%"
"12/27/2022","11,774.15","11,741.25","11,804.85","11,673.80","","0.93%"
"12/26/2022","11,665.30","11,385.10","11,688.75","11,291.45","","2.48%"
"12/23/2022","11,383.05","11,685.75","11,711.15","11,360.05","","-3.51%"
"12/22/2022","11,797.05","11,960.05","11,996.50","11,715.75","","-0.93%"
"12/21/2022","11,908.15","12,141.20","12,189.70","11,881.85","","-1.57%"
"12/20/2022","12,098.55","12,100.25","12,120.90","11,994.90","","-0.17%"
"12/19/2022","12,118.95","12,083.80","12,126.30","12,001.55","","0.48%"
"12/16/2022","12,061.25","12,191.35","12,226.20","12,028.40","","-1.44%"
"12/15/2022","12,237.90","12,352.60","12,378.55","12,210.95","","-0.91%"
"12/14/2022","12,349.70","12,313.40","12,374.60","12,300.30","","0.65%"
"12/13/2022","12,270.45","12,258.00","12,277.05","12,217.95","","0.42%"
"12/12/2022","12,218.95","12,185.15","12,227.30","12,087.95","","0.31%"
"12/09/2022","12,181.60","12,294.45","12,323.00","12,090.30","","-0.45%"
"12/08/2022","12,237.05","12,210.55","12,246.05","12,175.75","","0.48%"
"12/07/2022","12,178.85","12,259.25","12,273.95","12,159.90","","-0.49%"
"12/06/2022","12,239.30","12,280.85","12,296.95","12,217.85","","-0.48%"
"12/05/2022","12,298.50","12,331.50","12,332.10","12,244.85","","0.07%"
"12/02/2022","12,289.60","12,199.05","12,297.50","12,188.60","","0.86%"
"12/01/2022","12,185.25","12,158.40","12,209.80","12,122.30","","0.76%"
"11/30/2022","12,093.50","11,998.45","12,121.65","11,997.40","","0.92%"
"11/29/2022","11,983.10","12,030.85","12,053.70","11,965.60","","-0.36%"
"11/28/2022","12,025.95","11,950.15","12,037.00","11,944.25","","0.69%"
"11/25/2022","11,943.55","11,865.55","11,953.80","11,862.70","","0.90%"
"11/24/2022","11,837.60","11,832.05","11,842.55","11,806.45","","0.40%"
"11/23/2022","11,790.20","11,799.55","11,818.85","11,773.45","","0.24%"
"11/22/2022","11,762.55","11,743.50","11,771.65","11,726.30","","0.37%"
"11/21/2022","11,719.55","11,719.00","11,744.45","11,681.85","","0.00%"
"11/18/2022","11,719.95","11,799.15","11,810.65","11,653.35","","-0.40%"
"11/17/2022","11,767.05","11,807.10","11,813.60","11,742.65","","-0.42%"
"11/16/2022","11,816.55","11,903.90","11,929.95","11,777.70","","-0.60%"
"11/15/2022","11,888.25","11,904.15","11,923.10","11,861.75","","-0.04%"
"11/14/2022","11,893.60","11,899.60","11,930.70","11,830.20","","-0.04%"
"11/11/2022","11,898.55","12,008.85","12,045.00","11,880.65","","0.14%"
"11/10/2022","11,881.95","11,963.80","11,976.80","11,835.20","","-0.91%"
"11/09/2022","11,991.25","12,115.90","12,117.55","11,973.65","","-0.62%"
"11/07/2022","12,066.05","12,038.40","12,076.75","12,006.05","","0.73%"
"11/04/2022","11,978.15","12,005.10","12,035.35","11,950.70","","-0.06%"
"11/03/2022","11,984.75","11,914.35","11,997.60","11,909.20","","0.16%"
"11/02/2022","11,965.65","11,975.15","12,014.30","11,944.05","","-0.02%"
"11/01/2022","11,967.90","11,905.35","11,981.10","11,899.00","","0.84%"
"10/31/2022","11,868.15","11,767.25","11,874.45","11,766.50","","1.30%"
"10/28/2022","11,715.55","11,813.40","11,823.45","11,689.75","","-0.65%"
"10/27/2022","11,791.80","11,758.20","11,805.85","11,740.90","","0.62%"
"10/25/2022","11,718.90","11,718.30","11,750.65","11,641.00","","0.14%"
"10/24/2022","11,703.00","11,761.90","11,762.00","11,691.25","","0.56%"
"10/21/2022","11,637.60","11,733.35","11,770.75","11,603.05","","-0.59%"
"10/20/2022","11,706.15","11,685.15","11,717.65","11,616.50","","-0.27%"
"10/19/2022","11,737.90","11,761.80","11,791.65","11,715.00","","0.09%"
"10/18/2022","11,727.75","11,689.35","11,737.80","11,645.40","","1.00%"
"10/17/2022","11,611.65","11,561.85","11,626.70","11,472.80","","0.17%"
"10/14/2022","11,591.65","11,751.80","11,777.65","11,579.70","","-0.07%"
"10/13/2022","11,599.70","11,677.65","11,695.75","11,558.15","","-0.62%"
"10/12/2022","11,672.45","11,642.60","11,688.15","11,529.55","","0.56%"
"10/11/2022","11,607.00","11,829.75","11,832.00","11,581.10","","-1.60%"
"10/10/2022","11,796.05","11,778.35","11,831.20","11,727.60","","-0.90%"
"10/07/2022","11,903.05","11,944.45","11,953.75","11,826.10","","-0.25%"
"10/06/2022","11,933.35","11,878.80","11,963.80","11,875.65","","1.18%"
"10/04/2022","11,794.35","11,692.10","11,803.30","11,656.70","","2.26%"
"10/03/2022","11,533.35","11,658.95","11,694.30","11,481.05","","-1.04%"
"09/30/2022","11,654.45","11,478.70","11,673.95","11,373.65","","1.44%"
"09/29/2022","11,488.60","11,552.00","11,590.50","11,416.55","","0.43%"
"09/28/2022","11,439.40","11,401.05","11,533.75","11,371.60","","-0.26%"
"09/27/2022","11,469.75","11,519.50","11,574.30","11,375.95","","0.07%"
"09/26/2022","11,461.70","11,711.10","11,715.50","11,377.85","","-2.96%"
"09/23/2022","11,811.90","12,082.05","12,104.20","11,798.70","","-2.12%"
"09/22/2022","12,067.40","11,992.85","12,097.05","11,928.10","","0.33%"
"09/21/2022","12,027.50","12,124.80","12,194.50","12,000.00","","-0.69%"
"09/20/2022","12,111.30","12,029.50","12,174.65","12,026.15","","1.46%"
"09/19/2022","11,936.55","11,954.50","11,984.05","11,810.90","","0.03%"
"09/16/2022","11,933.30","12,240.60","12,260.60","11,863.00","","-2.53%"
"09/15/2022","12,242.85","12,266.25","12,308.90","12,173.55","","0.32%"
"09/14/2022","12,203.55","12,093.80","12,234.65","12,081.30","","-0.34%"
"09/13/2022","12,245.65","12,289.30","12,314.10","12,232.95","","0.14%"
"09/12/2022","12,228.05","12,184.00","12,242.25","12,173.25","","0.81%"
"09/09/2022","12,129.45","12,155.15","12,195.75","12,098.35","","0.40%"
"09/08/2022","12,080.80","12,124.90","12,146.35","12,053.45","","0.35%"
"09/07/2022","12,038.85","11,945.55","12,050.10","11,927.70","","0.53%"
"09/06/2022","11,974.95","11,987.10","12,005.85","11,924.00","","0.37%"
"09/05/2022","11,930.35","11,900.70","11,952.55","11,896.85","","0.55%"
"09/02/2022","11,865.55","11,957.05","11,982.75","11,849.80","","-0.26%"
"09/01/2022","11,896.95","11,805.25","11,918.10","11,790.05","","0.25%"
"08/30/2022","11,867.00","11,722.05","11,879.25","11,720.00","","2.00%"
"08/29/2022","11,633.90","11,418.15","11,647.80","11,417.35","","-0.82%"
"08/26/2022","11,730.60","11,752.35","11,801.30","11,709.75","","0.38%"
"08/25/2022","11,685.85","11,738.55","11,775.35","11,667.20","","0.09%"
"08/24/2022","11,675.05","11,595.40","11,682.45","11,588.70","","0.66%"
"08/23/2022","11,598.85","11,396.40","11,620.90","11,391.50","","0.95%"
"08/22/2022","11,489.80","11,670.25","11,670.25","11,467.75","","-1.81%"
"08/19/2022","11,701.35","11,886.60","11,903.20","11,673.45","","-1.25%"
"08/18/2022","11,849.45","11,835.05","11,884.35","11,808.40","","0.16%"
"08/17/2022","11,830.60","11,828.65","11,858.45","11,811.85","","0.41%"
"08/16/2022","11,782.30","11,683.55","11,788.65","11,669.05","","1.36%"
"08/12/2022","11,624.60","11,571.65","11,641.80","11,547.50","","0.65%"
"08/11/2022","11,549.80","11,546.65","11,566.10","11,529.15","","0.80%"
"08/10/2022","11,458.05","11,522.15","11,536.80","11,427.20","","-0.21%"
"08/08/2022","11,482.30","11,465.45","11,530.20","11,416.40","","0.25%"
"08/05/2022","11,453.70","11,451.45","11,488.60","11,422.80","","0.31%"
"08/04/2022","11,417.95","11,410.05","11,453.05","11,225.55","","0.54%"
"08/03/2022","11,356.90","11,415.15","11,424.45","11,271.60","","-0.52%"
"08/02/2022","11,416.65","11,364.15","11,437.10","11,305.90","","0.46%"
"08/01/2022","11,364.15","11,256.45","11,370.75","11,201.20","","1.51%"
"07/29/2022","11,194.70","11,118.20","11,206.85","11,110.40","","1.40%"
"07/28/2022","11,040.55","11,027.90","11,050.85","10,969.25","","0.74%"
"07/27/2022","10,959.60","10,855.70","10,969.95","10,829.40","","0.86%"
"07/26/2022","10,866.20","10,992.45","10,995.85","10,853.75","","-1.07%"
"07/25/2022","10,983.70","10,995.65","11,009.50","10,936.80","","-0.07%"
"07/22/2022","10,991.60","11,022.50","11,043.40","10,952.85","","0.18%"
"07/21/2022","10,972.00","10,845.15","10,984.60","10,826.50","","1.30%"
"07/20/2022","10,831.00","10,910.70","10,911.30","10,812.00","","0.13%"
"07/19/2022","10,817.10","10,716.05","10,829.15","10,704.00","","0.74%"
"07/18/2022","10,737.40","10,674.10","10,745.75","10,666.30","","1.36%"
"07/15/2022","10,593.65","10,558.35","10,604.45","10,519.75","","0.67%"
"07/14/2022","10,522.90","10,555.40","10,572.45","10,432.85","","-0.08%"
"07/13/2022","10,531.00","10,571.90","10,605.30","10,509.85","","0.10%"
"07/12/2022","10,520.35","10,547.35","10,605.15","10,507.80","","-0.54%"
"07/11/2022","10,577.65","10,445.90","10,591.15","10,426.05","","1.01%"
"07/08/2022","10,472.40","10,511.25","10,514.85","10,418.20","","0.21%"
"07/07/2022","10,450.20","10,389.15","10,458.20","10,381.50","","1.33%"
"07/06/2022","10,312.65","10,149.95","10,325.15","10,112.25","","1.79%"
"07/05/2022","10,131.35","10,179.20","10,238.00","10,117.25","","-0.12%"
"07/04/2022","10,143.45","10,086.60","10,153.10","10,052.00","","0.65%"
"07/01/2022","10,077.75","10,008.05","10,094.15","9,937.85","","0.35%"
"06/30/2022","10,042.80","10,116.40","10,155.60","10,017.85","","-0.57%"
"06/29/2022","10,100.65","10,030.55","10,115.70","10,014.40","","-0.22%"
"06/28/2022","10,123.15","10,052.95","10,133.05","9,994.00","","0.39%"
"06/27/2022","10,083.75","10,104.80","10,130.90","10,070.10","","1.03%"
"06/24/2022","9,980.80","9,916.30","9,990.70","9,910.85","","1.38%"
"06/23/2022","9,845.05","9,760.05","9,871.80","9,723.75","","1.15%"
"06/22/2022","9,732.95","9,853.70","9,853.70","9,715.95","","-1.45%"
"06/21/2022","9,876.30","9,638.30","9,888.20","9,633.60","","3.09%"
"06/20/2022","9,580.35","9,781.50","9,797.85","9,496.60","","-1.96%"
"06/17/2022","9,772.25","9,814.95","9,887.20","9,699.65","","-1.14%"
"06/16/2022","9,884.55","10,214.15","10,228.00","9,845.35","","-2.23%"
"06/15/2022","10,109.65","10,125.65","10,161.00","10,081.35","","0.34%"
"06/14/2022","10,075.75","10,041.65","10,186.90","10,035.25","","-0.24%"
"06/13/2022","10,100.10","10,216.15","10,221.20","10,078.65","","-2.71%"
"06/10/2022","10,381.05","10,359.95","10,413.15","10,347.00","","-0.71%"
"06/09/2022","10,455.10","10,375.30","10,468.00","10,343.75","","0.41%"
"06/08/2022","10,412.10","10,469.90","10,517.00","10,378.40","","-0.41%"
"06/07/2022","10,455.35","10,493.00","10,496.60","10,400.55","","-0.69%"
"06/06/2022","10,527.90","10,540.30","10,547.60","10,407.50","","-0.20%"
"06/03/2022","10,548.85","10,787.15","10,798.65","10,540.40","","-1.51%"
"06/02/2022","10,710.75","10,663.50","10,720.50","10,617.15","","0.52%"
"06/01/2022","10,655.20","10,639.50","10,720.55","10,599.15","","0.37%"
"05/31/2022","10,616.30","10,611.05","10,699.55","10,596.85","","0.04%"
"05/30/2022","10,611.75","10,478.10","10,618.20","10,471.15","","2.36%"
"05/27/2022","10,367.20","10,340.30","10,377.85","10,292.20","","1.25%"
"05/26/2022","10,238.75","10,154.05","10,274.80","9,951.10","","1.19%"
"05/25/2022","10,118.65","10,387.80","10,408.50","10,106.55","","-2.28%"
"05/24/2022","10,354.25","10,447.50","10,466.60","10,331.10","","-0.62%"
"05/23/2022","10,418.75","10,515.75","10,557.55","10,401.85","","-0.40%"
"05/20/2022","10,460.55","10,403.70","10,469.90","10,394.45","","2.04%"
"05/19/2022","10,251.80","10,309.15","10,350.05","10,216.30","","-2.72%"
"05/18/2022","10,538.20","10,611.55","10,659.70","10,513.15","","-0.12%"
"05/17/2022","10,551.05","10,349.80","10,564.85","10,324.50","","2.52%"
"05/16/2022","10,291.30","10,214.80","10,312.85","10,126.65","","1.27%"
"05/13/2022","10,161.85","10,187.85","10,343.70","10,134.50","","0.99%"
"05/12/2022","10,062.45","10,204.95","10,217.30","9,979.45","","-2.15%"
"05/11/2022","10,283.10","10,375.95","10,444.95","10,097.60","","-0.68%"
"05/10/2022","10,353.80","10,525.60","10,644.70","10,329.60","","-1.83%"
"05/09/2022","10,546.30","10,642.00","10,651.75","10,470.55","","-1.72%"
"05/06/2022","10,731.30","10,740.70","10,768.35","10,653.35","","-1.72%"
"05/05/2022","10,918.90","11,003.05","11,063.25","10,894.45","","0.02%"
"05/04/2022","10,916.35","11,190.60","11,216.00","10,879.25","","-2.05%"
"05/02/2022","11,144.90","11,125.35","11,168.35","11,076.65","","-0.51%"
"04/29/2022","11,201.95","11,349.20","11,379.25","11,183.35","","-0.69%"
"04/28/2022","11,279.45","11,302.00","11,313.00","11,189.00","","0.59%"
"04/27/2022","11,213.40","11,245.70","11,278.65","11,129.25","","-0.83%"
"04/26/2022","11,307.30","11,255.30","11,317.35","11,245.05","","1.44%"
"04/25/2022","11,146.25","11,262.35","11,264.45","11,114.00","","-1.81%"
"04/22/2022","11,352.15","11,396.15","11,455.70","11,334.05","","-0.83%"
"04/21/2022","11,447.05","11,411.70","11,460.60","11,401.25","","1.03%"
"04/20/2022","11,329.80","11,316.55","11,421.20","11,274.00","","0.64%"
"04/19/2022","11,258.15","11,474.95","11,519.60","11,166.60","","-1.21%"
"04/18/2022","11,395.90","11,453.20","11,453.20","11,313.30","","-1.14%"
"04/13/2022","11,527.40","11,609.85","11,641.55","11,518.80","","-0.09%"
"04/12/2022","11,537.65","11,745.40","11,745.40","11,444.85","","-1.79%"
"04/11/2022","11,747.90","11,706.60","11,775.45","11,700.15","","0.69%"
"04/08/2022","11,666.85","11,629.95","11,691.90","11,586.40","","0.94%"
"04/07/2022","11,558.00","11,684.45","11,717.75","11,519.20","","-0.88%"
"04/06/2022","11,660.70","11,598.70","11,682.10","11,564.90","","0.44%"
"04/05/2022","11,609.05","11,517.65","11,633.80","11,478.65","","1.48%"
"04/04/2022","11,440.00","11,332.60","11,447.30","11,330.25","","1.48%"
"04/01/2022","11,272.80","11,146.85","11,283.65","11,132.60","","1.27%"
"03/31/2022","11,131.10","11,122.95","11,163.25","11,099.70","","0.35%"
"03/30/2022","11,091.80","11,074.85","11,111.75","11,038.20","","0.90%"
"03/29/2022","10,992.45","10,982.85","11,020.35","10,928.35","","0.61%"
"03/28/2022","10,926.00","10,974.95","10,996.35","10,831.20","","-0.16%"
"03/25/2022","10,943.65","11,021.55","11,032.75","10,907.00","","-0.21%"
"03/24/2022","10,966.35","10,893.20","10,985.35","10,873.85","","0.52%"
"03/23/2022","10,909.40","10,934.60","10,966.20","10,881.35","","0.35%"
"03/22/2022","10,871.50","10,869.95","10,877.30","10,743.40","","0.13%"
"03/21/2022","10,857.00","10,943.05","10,943.05","10,843.15","","-0.12%"
"03/17/2022","10,870.50","10,865.75","10,887.50","10,848.70","","1.22%"
"03/16/2022","10,739.80","10,653.65","10,747.45","10,637.60","","1.95%"
"03/15/2022","10,534.25","10,657.95","10,695.65","10,486.20","","-0.80%"
"03/14/2022","10,619.55","10,627.40","10,656.00","10,535.80","","0.14%"
"03/11/2022","10,604.65","10,529.35","10,618.30","10,487.75","","0.54%"
"03/10/2022","10,547.65","10,648.40","10,665.15","10,504.15","","1.04%"
"03/09/2022","10,439.35","10,323.60","10,467.80","10,275.85","","2.03%"
"03/08/2022","10,231.60","10,127.45","10,247.95","10,041.70","","1.06%"
"03/07/2022","10,124.05","10,160.80","10,175.95","9,990.35","","-2.20%"
"03/04/2022","10,351.45","10,514.15","10,515.80","10,334.85","","-2.05%"
"03/03/2022","10,567.80","10,725.35","10,745.55","10,542.65","","-0.26%"
"03/02/2022","10,595.85","10,550.05","10,652.00","10,525.80","","-0.24%"
"02/28/2022","10,621.00","10,435.20","10,633.40","10,339.65","","0.85%"
"02/25/2022","10,531.45","10,338.20","10,551.05","10,337.45","","3.88%"
"02/24/2022","10,138.40","10,387.40","10,470.95","10,119.30","","-5.40%"
"02/23/2022","10,717.00","10,752.30","10,823.80","10,704.80","","0.38%"
"02/22/2022","10,676.50","10,495.70","10,700.00","10,494.75","","-0.95%"
"02/21/2022","10,778.40","10,849.15","10,887.85","10,708.05","","-1.15%"
"02/18/2022","10,903.35","10,935.40","11,011.80","10,889.75","","-0.85%"
"02/17/2022","10,997.15","11,079.45","11,104.35","10,976.70","","-0.27%"
"02/16/2022","11,027.35","11,128.90","11,146.80","10,997.40","","-0.16%"
"02/15/2022","11,045.45","10,810.80","11,058.50","10,655.45","","2.57%"
"02/14/2022","10,768.50","10,936.45","10,985.80","10,737.90","","-3.83%"
"02/11/2022","11,197.15","11,336.00","11,346.65","11,174.00","","-1.95%"
"02/10/2022","11,419.95","11,432.40","11,440.55","11,343.15","","0.23%"
"02/09/2022","11,394.00","11,323.25","11,405.50","11,305.60","","1.12%"
"02/08/2022","11,268.15","11,399.65","11,429.75","11,162.10","","-0.79%"
"02/07/2022","11,357.55","11,486.00","11,521.35","11,306.80","","-0.89%"
"02/04/2022","11,459.35","11,549.45","11,578.55","11,446.25","","-0.76%"
"02/03/2022","11,547.60","11,660.15","11,660.30","11,523.85","","-0.98%"
"02/02/2022","11,661.70","11,589.60","11,676.95","11,581.00","","1.13%"
"02/01/2022","11,531.30","11,519.65","11,539.80","11,366.20","","1.03%"
"01/31/2022","11,413.65","11,368.30","11,434.50","11,339.55","","1.52%"
"01/28/2022","11,242.35","11,175.25","11,412.70","11,174.00","","1.33%"
"01/27/2022","11,095.15","11,146.80","11,146.80","10,961.50","","-1.12%"
"01/25/2022","11,221.20","11,015.25","11,230.85","10,834.75","","0.86%"
"01/24/2022","11,125.05","11,547.70","11,556.15","11,012.35","","-3.69%"
"01/21/2022","11,551.65","11,745.30","11,765.60","11,474.00","","-2.11%"
"01/20/2022","11,801.20","11,826.95","11,867.70","11,749.45","","-0.25%"
"01/19/2022","11,830.60","11,836.80","11,847.05","11,692.05","","-0.15%"
"01/18/2022","11,848.70","12,126.35","12,138.20","11,815.20","","-1.86%"
"01/17/2022","12,073.15","12,063.70","12,095.30","12,038.65","","0.31%"
"01/14/2022","12,036.10","12,010.85","12,070.40","11,967.20","","-0.03%"
"01/13/2022","12,039.90","12,014.10","12,052.20","11,931.35","","0.50%"
"01/12/2022","11,980.05","11,902.25","11,988.20","11,878.25","","1.19%"
"01/11/2022","11,839.30","11,820.75","11,888.10","11,800.65","","0.16%"
"01/10/2022","11,820.40","11,790.25","11,836.95","11,778.15","","0.67%"
"01/07/2022","11,741.95","11,725.95","11,776.75","11,671.25","","0.37%"
"01/06/2022","11,698.70","11,627.95","11,706.10","11,574.70","","-0.05%"
"01/05/2022","11,705.05","11,712.60","11,735.05","11,649.25","","0.03%"
"01/04/2022","11,702.10","11,718.90","11,743.45","11,632.75","","0.25%"
"01/03/2022","11,673.45","11,566.00","11,680.75","11,564.70","","1.13%"
"12/31/2021","11,543.55","11,429.50","11,554.45","11,424.80","","1.30%"
"12/30/2021","11,395.65","11,414.40","11,429.25","11,368.00","","-0.15%"
"12/29/2021","11,412.70","11,404.20","11,454.15","11,385.40","","0.14%"
"12/28/2021","11,396.50","11,328.20","11,404.25","11,323.35","","1.13%"
"12/27/2021","11,269.05","11,192.25","11,280.15","11,101.75","","0.33%"
"12/24/2021","11,232.25","11,388.05","11,390.60","11,205.05","","-0.97%"
"12/23/2021","11,342.65","11,329.00","11,363.60","11,308.35","","0.85%"
"12/22/2021","11,247.20","11,131.80","11,263.45","11,126.50","","1.48%"
"12/21/2021","11,083.10","11,005.10","11,158.55","10,990.75","","1.29%"
"12/20/2021","10,941.55","11,184.05","11,197.45","10,785.65","","-3.39%"
"12/17/2021","11,325.65","11,564.65","11,570.35","11,301.90","","-2.02%"
"12/16/2021","11,558.80","11,701.00","11,727.50","11,538.05","","-0.62%"
"12/15/2021","11,630.40","11,710.40","11,735.95","11,616.05","","-0.54%"
"12/14/2021","11,694.00","11,701.05","11,730.65","11,614.45","","-0.27%"
"12/13/2021","11,725.35","11,817.40","11,857.80","11,708.45","","-0.03%"
"12/10/2021","11,729.10","11,645.40","11,737.90","11,630.15","","0.66%"
"12/09/2021","11,651.90","11,642.70","11,662.95","11,565.15","","0.57%"
"12/08/2021","11,585.65","11,494.40","11,595.70","11,490.20","","1.50%"
"12/07/2021","11,414.80","11,359.15","11,427.00","11,304.25","","1.20%"
"12/06/2021","11,279.65","11,447.50","11,456.25","11,262.40","","-1.29%"
"12/03/2021","11,426.85","11,481.20","11,534.55","11,411.95","","-0.18%"
"12/02/2021","11,447.95","11,347.45","11,462.05","11,300.30","","1.17%"
"12/01/2021","11,315.60","11,295.65","11,342.45","11,206.65","","0.82%"
"11/30/2021","11,223.55","11,175.80","11,392.45","11,169.05","","0.76%"
"11/29/2021","11,138.65","11,155.75","11,211.75","10,886.40","","-1.06%"
"11/26/2021","11,257.50","11,500.80","11,543.45","11,232.55","","-2.96%"
"11/25/2021","11,600.75","11,565.35","11,615.95","11,495.35","","0.46%"
"11/24/2021","11,547.60","11,641.40","11,675.30","11,510.00","","-0.29%"
"11/23/2021","11,580.95","11,341.60","11,592.00","11,278.20","","1.53%"
"11/22/2021","11,406.60","11,749.15","11,754.00","11,298.05","","-2.78%"
"11/18/2021","11,733.35","11,928.90","11,952.75","11,672.55","","-1.47%"
"11/17/2021","11,908.55","11,950.40","11,987.70","11,892.15","","-0.44%"
"11/16/2021","11,960.80","12,008.65","12,041.35","11,935.85","","-0.21%"
"11/15/2021","11,985.45","11,990.65","12,008.05","11,931.65","","0.34%"
"11/12/2021","11,944.30","11,966.30","11,977.40","11,853.40","","0.48%"
"11/11/2021","11,887.30","11,982.05","11,988.00","11,831.00","","-0.65%"
"11/10/2021","11,965.00","11,995.25","12,035.00","11,953.90","","-0.38%"
"11/09/2021","12,010.80","11,924.35","12,037.60","11,910.05","","1.00%"
"11/08/2021","11,891.35","11,803.70","11,902.10","11,700.75","","1.12%"
"11/04/2021","11,759.45","11,737.10","11,770.50","11,731.85","","0.90%"
"11/03/2021","11,654.30","11,729.15","11,754.55","11,601.80","","-0.25%"
"11/02/2021","11,683.65","11,625.75","11,696.20","11,619.70","","0.90%"
"11/01/2021","11,579.45","11,440.40","11,591.90","11,410.35","","1.66%"
"10/29/2021","11,390.85","11,342.35","11,490.25","11,174.00","","-0.14%"
"10/28/2021","11,407.35","11,612.45","11,612.85","11,383.80","","-1.65%"
"10/27/2021","11,598.80","11,653.35","11,662.45","11,582.00","","0.11%"
"10/26/2021","11,586.05","11,410.85","11,598.45","11,409.65","","1.69%"
"10/25/2021","11,393.65","11,645.40","11,655.85","11,232.80","","-1.61%"
"10/22/2021","11,579.90","11,699.75","11,757.95","11,479.30","","-0.76%"
"10/21/2021","11,668.30","11,802.90","11,821.75","11,565.65","","-0.58%"
"10/20/2021","11,735.80","11,970.75","11,973.40","11,639.00","","-2.04%"
"10/19/2021","11,979.90","12,313.15","12,338.50","11,928.50","","-1.96%"
"10/18/2021","12,218.85","12,222.60","12,303.70","12,188.80","","1.01%"
"10/14/2021","12,096.40","12,117.85","12,172.35","12,085.35","","0.62%"
"10/13/2021","12,021.60","11,937.30","12,048.45","11,925.60","","1.23%"
"10/12/2021","11,875.00","11,870.70","11,892.75","11,788.30","","0.33%"
"10/11/2021","11,835.95","11,819.65","11,878.10","11,771.20","","0.56%"
"10/08/2021","11,770.30","11,784.80","11,792.65","11,720.50","","0.49%"
"10/07/2021","11,712.45","11,603.85","11,725.90","11,601.95","","1.84%"
"10/06/2021","11,501.05","11,657.20","11,665.15","11,478.35","","-0.85%"
"10/05/2021","11,599.15","11,559.40","11,611.25","11,529.40","","0.45%"
"10/04/2021","11,547.25","11,440.35","11,554.75","11,428.40","","1.54%"
"10/01/2021","11,372.25","11,337.10","11,381.25","11,298.35","","0.10%"
"09/30/2021","11,361.35","11,348.40","11,392.60","11,336.15","","0.50%"
"09/29/2021","11,304.60","11,172.35","11,327.05","11,120.40","","0.85%"
"09/28/2021","11,209.05","11,324.25","11,326.45","11,132.80","","-0.65%"
"09/27/2021","11,282.30","11,343.60","11,352.65","11,220.35","","-0.10%"
"09/24/2021","11,293.15","11,434.40","11,451.70","11,261.35","","-0.68%"
"09/23/2021","11,370.60","11,315.45","11,388.80","11,313.10","","1.29%"
"09/22/2021","11,225.30","11,123.40","11,253.20","11,112.90","","1.43%"
"09/21/2021","11,067.15","11,025.85","11,082.85","10,864.10","","0.50%"
"09/20/2021","11,011.80","11,136.05","11,237.75","10,997.05","","-1.89%"
"09/17/2021","11,223.50","11,430.95","11,440.55","11,159.80","","-1.31%"
"09/16/2021","11,372.75","11,365.85","11,385.65","11,299.90","","0.39%"
"09/15/2021","11,328.95","11,262.30","11,336.80","11,248.95","","0.98%"
"09/14/2021","11,219.15","11,145.10","11,227.30","11,142.25","","1.23%"
"09/13/2021","11,082.75","11,035.05","11,091.35","11,001.95","","0.51%"
"09/09/2021","11,027.00","10,981.20","11,032.70","10,964.00","","0.34%"
"09/08/2021","10,990.15","10,973.45","11,019.05","10,920.55","","0.38%"
"09/07/2021","10,948.75","10,999.65","11,013.20","10,868.50","","-0.20%"
"09/06/2021","10,971.10","10,966.90","10,993.85","10,943.60","","0.46%"
"09/03/2021","10,920.75","10,932.20","10,959.15","10,870.90","","0.39%"
"09/02/2021","10,877.95","10,810.85","10,888.65","10,792.45","","0.81%"
"09/01/2021","10,790.80","10,787.85","10,818.10","10,716.00","","0.60%"
"08/31/2021","10,726.00","10,690.10","10,733.85","10,656.15","","0.66%"
"08/30/2021","10,655.60","10,516.20","10,664.40","10,511.65","","1.83%"
"08/27/2021","10,463.60","10,396.30","10,479.30","10,348.45","","0.95%"
"08/26/2021","10,365.15","10,383.25","10,422.55","10,334.75","","0.18%"
"08/25/2021","10,346.75","10,351.70","10,382.50","10,313.05","","0.41%"
"08/24/2021","10,304.40","10,221.25","10,310.55","10,198.05","","1.23%"
"08/23/2021","10,179.00","10,348.00","10,381.30","10,093.10","","-0.76%"
"08/20/2021","10,256.75","10,375.70","10,426.50","10,231.90","","-1.86%"
"08/18/2021","10,451.65","10,470.40","10,491.80","10,431.35","","0.19%"
"08/17/2021","10,432.15","10,401.20","10,449.45","10,350.00","","0.36%"
"08/16/2021","10,394.75","10,439.40","10,448.25","10,380.80","","-0.34%"
"08/13/2021","10,430.15","10,475.75","10,488.15","10,416.10","","-0.12%"
"08/12/2021","10,443.10","10,365.75","10,452.45","10,355.15","","1.03%"
"08/11/2021","10,336.30","10,393.00","10,416.45","10,135.65","","-0.42%"
"08/10/2021","10,379.65","10,534.10","10,550.05","10,301.15","","-1.13%"
"08/09/2021","10,498.40","10,587.60","10,601.35","10,442.00","","-0.65%"
"08/06/2021","10,567.40","10,589.10","10,626.70","10,557.95","","0.03%"
"08/05/2021","10,564.40","10,595.20","10,595.55","10,459.05","","0.03%"
"08/04/2021","10,561.70","10,713.35","10,722.35","10,541.55","","-0.98%"
"08/03/2021","10,666.15","10,679.10","10,684.00","10,639.40","","0.20%"
"08/02/2021","10,644.90","10,574.30","10,651.65","10,567.60","","1.32%"
"07/30/2021","10,506.15","10,444.85","10,549.85","10,426.75","","0.91%"
"07/29/2021","10,411.35","10,390.00","10,416.65","10,369.60","","0.74%"
"07/28/2021","10,335.35","10,399.60","10,404.30","10,217.40","","-0.39%"
"07/27/2021","10,376.15","10,467.30","10,505.75","10,339.95","","-0.45%"
"07/26/2021","10,423.15","10,441.40","10,482.75","10,389.60","","0.04%"
"07/23/2021","10,418.50","10,473.95","10,495.10","10,406.45","","0.13%"
"07/22/2021","10,404.70","10,363.05","10,418.40","10,358.90","","1.09%"
"07/20/2021","10,292.80","10,448.60","10,467.20","10,220.95","","-1.36%"
"07/19/2021","10,434.45","10,454.05","10,494.15","10,382.35","","-0.63%"
"07/16/2021","10,501.05","10,513.95","10,518.10","10,474.30","","0.27%"
"07/15/2021","10,472.30","10,469.30","10,483.00","10,457.20","","0.35%"
"07/14/2021","10,435.85","10,425.50","10,454.45","10,420.50","","0.33%"
"07/13/2021","10,401.20","10,429.55","10,432.40","10,377.80","","0.28%"
"07/12/2021","10,371.65","10,400.05","10,418.70","10,351.45","","0.41%"
"07/09/2021","10,329.35","10,289.00","10,339.00","10,259.30","","0.46%"
"07/08/2021","10,281.80","10,347.30","10,376.50","10,239.30","","-0.40%"
"07/07/2021","10,323.60","10,279.00","10,335.15","10,255.80","","0.47%"
"07/06/2021","10,275.45","10,282.85","10,353.15","10,254.10","","0.09%"
"07/05/2021","10,266.55","10,269.75","10,279.10","10,250.75","","0.41%"
"07/02/2021","10,224.15","10,184.70","10,230.10","10,169.00","","0.63%"
"07/01/2021","10,160.45","10,204.90","10,206.25","10,147.40","","-0.21%"
"06/30/2021","10,182.05","10,180.30","10,209.70","10,163.85","","0.37%"
"06/29/2021","10,144.60","10,197.05","10,224.40","10,123.35","","-0.42%"
"06/28/2021","10,187.75","10,182.75","10,199.35","10,153.30","","0.50%"
"06/25/2021","10,137.30","10,087.85","10,149.85","10,073.90","","0.90%"
"06/24/2021","10,047.15","10,094.70","10,105.70","10,020.15","","-0.24%"
"06/23/2021","10,071.65","10,149.50","10,154.55","10,063.10","","-0.13%"
"06/22/2021","10,084.45","10,146.05","10,169.05","10,071.15","","0.17%"
"06/21/2021","10,067.80","9,875.25","10,074.75","9,842.65","","0.63%"
"06/18/2021","10,004.40","10,130.30","10,142.65","9,792.25","","-0.91%"
"06/17/2021","10,096.00","10,125.65","10,234.40","10,065.55","","-1.03%"
"06/16/2021","10,200.75","10,295.25","10,307.00","10,177.85","","-0.89%"
"06/15/2021","10,292.10","10,264.80","10,316.30","10,253.95","","0.57%"
"06/14/2021","10,233.45","10,259.70","10,259.80","10,021.10","","-0.28%"
"06/11/2021","10,262.40","10,300.95","10,315.55","10,220.70","","0.25%"
"06/10/2021","10,236.95","10,165.45","10,244.45","10,157.45","","1.47%"
"06/09/2021","10,088.95","10,218.50","10,279.05","10,037.90","","-0.72%"
"06/08/2021","10,162.60","10,141.20","10,180.15","10,053.95","","0.64%"
"06/07/2021","10,097.95","10,044.80","10,111.20","10,021.85","","1.24%"
"06/04/2021","9,974.00","9,949.65","9,987.45","9,919.80","","0.67%"
"06/03/2021","9,907.55","9,880.85","9,925.45","9,872.90","","0.87%"
"06/02/2021","9,822.00","9,703.70","9,832.80","9,699.80","","1.29%"
"06/01/2021","9,696.50","9,761.80","9,772.85","9,647.05","","-0.19%"
"05/31/2021","9,714.95","9,710.75","9,741.60","9,657.80","","0.41%"
"05/28/2021","9,675.45","9,723.80","9,741.85","9,664.15","","-0.08%"
"05/27/2021","9,683.05","9,664.00","9,698.05","9,623.60","","0.54%"
"05/26/2021","9,631.25","9,660.55","9,678.05","9,614.85","","0.16%"
"05/25/2021","9,616.00","9,682.40","9,693.15","9,589.05","","-0.06%"
"05/24/2021","9,621.35","9,617.65","9,646.20","9,559.25","","0.73%"
"05/21/2021","9,551.50","9,553.95","9,578.40","9,511.55","","0.73%"
"05/20/2021","9,482.00","9,531.15","9,548.90","9,445.65","","-0.14%"
"05/19/2021","9,495.00","9,496.85","9,547.40","9,480.20","","0.00%"
"05/18/2021","9,494.85","9,429.85","9,510.70","9,426.05","","1.65%"
"05/17/2021","9,340.60","9,254.45","9,351.10","9,202.80","","1.66%"
"05/14/2021","9,188.35","9,386.00","9,391.80","9,158.55","","-1.45%"
"05/12/2021","9,323.95","9,414.95","9,438.95","9,292.35","","-0.64%"
"05/11/2021","9,384.05","9,253.75","9,398.40","9,228.25","","0.81%"
"05/10/2021","9,308.20","9,306.60","9,333.15","9,292.70","","0.63%"
"05/07/2021","9,249.65","9,325.70","9,336.90","9,238.20","","-0.33%"
"05/06/2021","9,280.05","9,269.75","9,289.30","9,198.50","","0.71%"
"05/05/2021","9,214.80","9,217.45","9,233.10","9,154.70","","0.84%"
"05/04/2021","9,137.85","9,241.70","9,296.00","9,120.35","","-0.31%"
"05/03/2021","9,165.90","9,080.50","9,179.35","9,048.85","","0.41%"
"04/30/2021","9,128.70","9,113.55","9,203.90","9,090.65","","-0.43%"
"04/29/2021","9,168.30","9,261.90","9,282.30","9,141.25","","-0.23%"
"04/28/2021","9,189.30","9,155.10","9,201.45","9,141.20","","1.06%"
"04/27/2021","9,092.85","8,998.35","9,103.80","8,994.20","","1.45%"
"04/26/2021","8,963.15","8,957.75","8,991.00","8,945.25","","0.79%"
"04/23/2021","8,892.85","8,866.90","8,966.50","8,840.40","","0.33%"
"04/22/2021","8,863.70","8,781.10","8,880.35","8,767.60","","0.40%"
"04/20/2021","8,828.40","8,901.85","8,957.50","8,781.30","","0.22%"
"04/19/2021","8,808.85","8,767.80","8,835.25","8,647.50","","-1.93%"
"04/16/2021","8,982.10","8,918.55","9,022.55","8,896.95","","1.03%"
"04/15/2021","8,890.30","8,861.35","8,926.90","8,777.60","","0.03%"
"04/13/2021","8,887.35","8,799.10","8,923.80","8,763.05","","1.43%"
"04/12/2021","8,762.30","9,103.10","9,104.45","8,695.90","","-5.18%"
"04/09/2021","9,240.75","9,242.00","9,298.95","9,213.30","","0.15%"
"04/08/2021","9,226.95","9,223.50","9,281.05","9,202.15","","0.60%"
"04/07/2021","9,171.85","9,090.65","9,188.05","9,075.90","","1.21%"
"04/06/2021","9,062.00","9,050.25","9,097.15","8,975.25","","0.64%"
"04/05/2021","9,004.60","9,123.60","9,123.70","8,879.55","","-1.37%"
"04/01/2021","9,129.65","9,049.65","9,144.65","9,025.05","","1.57%"
"03/31/2021","8,988.90","8,962.85","8,997.10","8,922.75","","0.39%"
"03/30/2021","8,954.05","8,897.50","8,982.10","8,837.85","","1.72%"
"03/26/2021","8,802.25","8,759.90","8,829.20","8,739.25","","1.53%"
"03/25/2021","8,669.85","8,851.60","8,858.35","8,586.90","","-1.80%"
"03/24/2021","8,828.45","8,970.45","9,019.55","8,809.80","","-1.81%"
"03/23/2021","8,991.30","8,969.15","9,015.45","8,952.60","","0.70%"
"03/22/2021","8,929.00","8,871.50","8,945.55","8,834.50","","0.81%"
"03/19/2021","8,857.30","8,719.45","8,871.50","8,543.75","","0.84%"
"03/18/2021","8,783.10","8,977.60","9,026.25","8,712.70","","-1.40%"
"03/17/2021","8,907.45","9,124.80","9,136.10","8,889.15","","-2.22%"
"03/16/2021","9,109.30","9,115.20","9,135.60","9,074.70","","0.30%"
"03/15/2021","9,081.95","9,190.40","9,193.50","8,989.05","","-0.68%"
"03/12/2021","9,144.40","9,242.50","9,264.60","9,099.55","","-0.27%"
"03/10/2021","9,169.25","9,171.35","9,195.45","9,124.80","","0.75%"
"03/09/2021","9,100.55","9,190.85","9,213.50","9,032.85","","-0.37%"
"03/08/2021","9,134.40","9,179.80","9,217.45","9,121.45","","0.37%"
"03/05/2021","9,100.75","9,268.30","9,296.85","9,056.35","","-1.94%"
"03/04/2021","9,281.25","9,158.25","9,316.85","9,130.90","","0.49%"
"03/03/2021","9,235.70","9,167.60","9,241.35","9,163.45","","1.59%"
"03/02/2021","9,091.00","9,021.20","9,105.65","8,993.10","","1.57%"
"03/01/2021","8,950.15","8,893.10","8,963.40","8,858.65","","1.52%"
"02/26/2021","8,816.05","8,810.00","8,907.10","8,733.85","","-1.22%"
"02/25/2021","8,925.25","8,878.05","8,932.65","8,869.95","","1.42%"
"02/24/2021","8,800.25","8,766.00","8,810.75","8,703.65","","0.97%"
"02/23/2021","8,715.85","8,674.40","8,735.95","8,606.40","","0.97%"
"02/22/2021","8,632.05","8,764.55","8,789.05","8,591.30","","-1.21%"
"02/19/2021","8,737.65","8,851.45","8,875.25","8,649.60","","-1.34%"
"02/18/2021","8,856.65","8,857.15","8,910.80","8,829.35","","0.42%"
"02/17/2021","8,819.95","8,799.30","8,854.80","8,786.45","","0.29%"
"02/16/2021","8,794.30","8,780.60","8,821.65","8,732.55","","0.52%"
"02/15/2021","8,748.80","8,695.80","8,769.15","8,674.20","","1.19%"
"02/12/2021","8,646.00","8,663.70","8,690.40","8,597.55","","-0.11%"
"02/11/2021","8,655.30","8,632.25","8,677.45","8,619.65","","0.18%"
"02/10/2021","8,639.85","8,613.75","8,653.50","8,553.75","","0.70%"
"02/09/2021","8,579.85","8,619.85","8,635.55","8,549.85","","0.04%"
"02/08/2021","8,576.10","8,520.30","8,593.15","8,518.45","","1.51%"
"02/05/2021","8,448.35","8,585.95","8,613.00","8,418.90","","-0.91%"
"02/04/2021","8,525.95","8,440.30","8,536.65","8,401.30","","1.26%"
"02/03/2021","8,420.20","8,368.40","8,467.10","8,300.15","","1.39%"
"02/02/2021","8,305.10","8,194.15","8,321.40","8,188.95","","2.30%"
"02/01/2021","8,118.05","7,933.30","8,126.15","7,840.25","","2.98%"
"01/29/2021","7,883.40","7,980.70","8,019.05","7,858.80","","-0.22%"
"01/28/2021","7,900.75","7,852.65","7,963.65","7,845.50","","-0.61%"
"01/27/2021","7,948.90","8,061.30","8,061.30","7,926.40","","-1.43%"
"01/25/2021","8,064.30","8,244.50","8,271.40","7,998.60","","-1.07%"
"01/22/2021","8,151.20","8,272.30","8,313.55","8,120.45","","-1.26%"
"01/21/2021","8,255.00","8,403.10","8,426.50","8,223.85","","-1.04%"
"01/20/2021","8,341.65","8,286.85","8,347.50","8,265.05","","0.91%"
"01/19/2021","8,266.15","8,140.65","8,274.60","8,139.75","","2.15%"
"01/18/2021","8,091.95","8,251.70","8,259.45","8,017.60","","-1.88%"
"01/15/2021","8,246.85","8,352.20","8,377.60","8,177.40","","-1.06%"
"01/14/2021","8,335.15","8,349.35","8,371.60","8,289.80","","0.08%"
"01/13/2021","8,328.30","8,421.75","8,446.60","8,227.65","","-0.52%"
"01/12/2021","8,371.95","8,327.45","8,405.75","8,299.50","","0.47%"
"01/11/2021","8,332.70","8,404.65","8,411.60","8,273.50","","-0.20%"
"01/08/2021","8,349.10","8,335.70","8,367.90","8,308.60","","1.03%"
"01/07/2021","8,264.00","8,237.10","8,298.80","8,226.15","","1.27%"
"01/06/2021","8,160.60","8,166.30","8,215.20","8,075.30","","0.36%"
"01/05/2021","8,131.15","8,038.75","8,140.55","8,002.60","","0.78%"
"01/04/2021","8,068.05","8,017.55","8,075.75","7,958.90","","1.44%"
"01/01/2021","7,953.30","7,877.85","7,967.60","7,876.30","","1.15%"